Symbol,Company,Sector,Date,Close_Price,Change_%,Volume,Volume_Avg,Volume_Ratio,Day_High,Day_Low,RSI_14,RSI_Signal,SMA_20,SMA_50,MACD,MACD_Signal,Total_Score,Score_Grade,Technical_Score,Fundamental_Score,Sentiment_Score,Momentum_Score,Risk_Level,Recommendation,Target_Support,Target_Resistance
TPLP,TPLP,,2026-02-03,0,0,3259990,0,3259990.0,0,0,50,Neutral,0,0,0,Bearish,51,C-,10,28,5,10,Low,HOLD,11.5,12.8
SPCL,SPCL,,2026-02-03,0,0,143500,0,143500.0,0,0,50,Neutral,0,0,0,Bearish,49,D,10,28,3,10,Low,REDUCE,0.8,0.95
786,786,,2026-02-03,0,0,33244,0,33244.0,0,0,50,Neutral,0,0,0,Bearish,47,D,10,26,3,10,Low,REDUCE,11.21,12.97
AKDSL,AKDSL,,2026-02-03,0,0,1022840,0,1022840.0,0,0,50,Neutral,0,0,0,Bearish,47,D,10,26,3,10,Low,REDUCE,40.2,50.74
CYAN,CYAN,,2026-02-03,0,0,18163,0,18163.0,0,0,50,Neutral,0,0,0,Bearish,47,D,10,26,3,10,Low,REDUCE,44.5,47.95
FCEL,FCEL,,2026-02-03,0,0,363404,0,363404.0,0,0,50,Neutral,0,0,0,Bearish,47,D,10,26,3,10,Low,REDUCE,7.1,8.35
FCSC,FCSC,,2026-02-03,0,0,1161587,0,1161587.0,0,0,50,Neutral,0,0,0,Bearish,47,D,10,26,3,10,Low,REDUCE,5.9,6.95
IREIT,IREIT,,2026-02-03,0,0,331597,0,331597.0,0,0,50,Neutral,0,0,0,Bearish,47,D,10,26,3,10,Low,REDUCE,9.1,9.52
JSIL,JSIL,,2026-02-03,0,0,5204,0,5204.0,0,0,50,Neutral,0,0,0,Bearish,47,D,10,26,3,10,Low,REDUCE,39.0,45.0
MRNS,MRNS,,2026-02-03,0,0,18809,0,18809.0,0,0,50,Neutral,0,0,0,Bearish,47,D,10,26,3,10,Low,REDUCE,70.2,79.98
PINL,PINL,,2026-02-03,0,0,1101,0,1101.0,0,0,50,Neutral,0,0,0,Bearish,47,D,10,26,3,10,Low,REDUCE,8.65,10.35
RICL,RICL,,2026-02-03,0,0,39716,0,39716.0,0,0,50,Neutral,0,0,0,Bearish,47,D,10,26,3,10,Low,REDUCE,16.0,18.0
GEMPACRA,GEMPACRA,,2026-02-03,0,0,3342,0,3342.0,0,0,50,Neutral,0,0,0,Bearish,45,D,10,22,5,10,Low,REDUCE,36.02,40.7
JGICL,JGICL,,2026-02-03,0,0,36341,0,36341.0,0,0,50,Neutral,0,0,0,Bearish,45,D,10,22,5,10,Low,REDUCE,84.0,86.25
MCBIM,MCBIM,,2026-02-03,0,0,822,0,822.0,0,0,50,Neutral,0,0,0,Bearish,45,D,10,22,5,10,Low,REDUCE,232.0,239.95
TSBL,TSBL,,2026-02-03,0,0,2296206,0,2296206.0,0,0,50,Neutral,0,0,0,Bearish,45,D,10,24,3,10,Low,REDUCE,3.15,3.76
UDPL,UDPL,,2026-02-03,0,0,61928,0,61928.0,0,0,50,Neutral,0,0,0,Bearish,45,D,10,26,1,10,Low,REDUCE,122.1,136.0
AGIC,AGIC,,2026-02-03,0,0,3074,0,3074.0,0,0,50,Neutral,0,0,0,Bearish,44,D,10,22,4,10,Low,REDUCE,37.32,39.5
LSEVL,LSEVL,,2026-02-03,0,0,7743136,0,7743136.0,0,0,50,Neutral,0,0,0,Bearish,44,D,10,22,4,10,Low,REDUCE,6.9,11.7
AICL,AICL,,2026-02-03,0,0,220692,0,220692.0,0,0,50,Neutral,0,0,0,Bearish,43,D,10,22,3,10,Low,REDUCE,105.0,122.0
ASIC,ASIC,,2026-02-03,0,0,100,0,100.0,0,0,50,Neutral,0,0,0,Bearish,43,D,10,22,3,10,Low,REDUCE,17.0,20.0
ATIL,ATIL,,2026-02-03,0,0,2339,0,2339.0,0,0,50,Neutral,0,0,0,Bearish,43,D,10,22,3,10,Low,REDUCE,78.11,82.5
BECO,BECO,,2026-02-03,0,0,6472792,0,6472792.0,0,0,50,Neutral,0,0,0,Bearish,43,D,10,22,3,10,Low,REDUCE,5.65,6.19
BNL,BNL,,2026-02-03,0,0,1848322,0,1848322.0,0,0,50,Neutral,0,0,0,Bearish,43,D,10,22,3,10,Low,REDUCE,10.5,11.65
CENI,CENI,,2026-02-03,0,0,1857,0,1857.0,0,0,50,Neutral,0,0,0,Bearish,43,D,10,22,3,10,Low,REDUCE,55.0,61.38
CSAP,CSAP,,2026-02-03,0,0,460375,0,460375.0,0,0,50,Neutral,0,0,0,Bearish,43,D,10,22,3,10,Low,REDUCE,133.6,142.0
DEL,DEL,,2026-02-03,0,0,31013,0,31013.0,0,0,50,Neutral,0,0,0,Bearish,43,D,10,22,3,10,Low,REDUCE,21.0,24.5
EFUG,EFUG,,2026-02-03,0,0,10562,0,10562.0,0,0,50,Neutral,0,0,0,Bearish,43,D,10,22,3,10,Low,REDUCE,124.05,132.97
EWIC,EWIC,,2026-02-03,0,0,22,0,22.0,0,0,50,Neutral,0,0,0,Bearish,43,D,10,22,3,10,Low,REDUCE,42.27,46.5
GRR,GRR,,2026-02-03,0,0,224170,0,224170.0,0,0,50,Neutral,0,0,0,Bearish,43,D,10,22,3,10,Low,REDUCE,19.6,20.12
GRYL,GRYL,,2026-02-03,0,0,27496,0,27496.0,0,0,50,Neutral,0,0,0,Bearish,43,D,10,22,3,10,Low,REDUCE,20.25,24.5
HAFL,HAFL,,2026-02-03,0,0,11,0,11.0,0,0,50,Neutral,0,0,0,Bearish,43,D,10,22,3,10,Low,REDUCE,475.0,555.0
KOHE,KOHE,,2026-02-03,0,0,34967,0,34967.0,0,0,50,Neutral,0,0,0,Bearish,43,D,10,22,3,10,Low,REDUCE,16.51,17.39
NONS,NONS,,2026-02-03,0,0,6799,0,6799.0,0,0,50,Neutral,0,0,0,Bearish,43,D,10,22,3,10,Low,REDUCE,92.0,112.8
PABC,PABC,,2026-02-03,0,0,180170,0,180170.0,0,0,50,Neutral,0,0,0,Bearish,43,D,10,22,3,10,Low,REDUCE,118.51,127.89
PHDL,PHDL,,2026-02-03,0,0,592568,0,592568.0,0,0,50,Neutral,0,0,0,Bearish,43,D,10,22,3,10,Low,REDUCE,48.29,51.5
PNSC,PNSC,,2026-02-03,0,0,13575,0,13575.0,0,0,50,Neutral,0,0,0,Bearish,43,D,10,22,3,10,Low,REDUCE,570.36,634.0
SEL,SEL,,2026-02-03,0,0,17852,0,17852.0,0,0,50,Neutral,0,0,0,Bearish,43,D,10,22,3,10,Low,REDUCE,27.43,32.24
TATM,TATM,,2026-02-03,0,0,86497,0,86497.0,0,0,50,Neutral,0,0,0,Bearish,43,D,10,22,3,10,Low,REDUCE,159.0,188.39
TICL,TICL,,2026-02-03,0,0,45,0,45.0,0,0,50,Neutral,0,0,0,Bearish,43,D,10,20,5,10,Low,REDUCE,661.0,730.0
TRIBL,TRIBL,,2026-02-03,0,0,3000,0,3000.0,0,0,50,Neutral,0,0,0,Bearish,43,D,10,22,3,10,Low,REDUCE,0.97,0.97
UPFL,UPFL,,2026-02-03,0,0,289,0,289.0,0,0,50,Neutral,0,0,0,Bearish,43,D,10,22,3,10,Low,REDUCE,27000.0,28800.0
BAFL,BAFL,,2026-02-03,0,0,3259074,0,3259074.0,0,0,50,Neutral,0,0,0,Bearish,41,D,10,18,5,10,Low,REDUCE,122.0,130.9
CASH,CASH,,2026-02-03,0,0,911,0,911.0,0,0,50,Neutral,0,0,0,Bearish,41,D,10,18,5,10,Low,REDUCE,55.75,64.97
FRSM,FRSM,,2026-02-03,0,0,122,0,122.0,0,0,50,Neutral,0,0,0,Bearish,41,D,10,20,3,10,Low,REDUCE,51.5,55.45
GHNI,GHNI,,2026-02-03,0,0,404614,0,404614.0,0,0,50,Neutral,0,0,0,Bearish,41,D,10,20,3,10,Low,REDUCE,885.05,932.0
HMB,HMB,,2026-02-03,0,0,655812,0,655812.0,0,0,50,Neutral,0,0,0,Bearish,41,D,10,20,3,10,Low,REDUCE,116.0,119.89
HUSI,HUSI,,2026-02-03,0,0,201,0,201.0,0,0,50,Neutral,0,0,0,Bearish,41,D,10,20,3,10,Low,REDUCE,28.15,32.75
INDU,INDU,,2026-02-03,0,0,21831,0,21831.0,0,0,50,Neutral,0,0,0,Bearish,41,D,10,20,3,10,Low,REDUCE,2070.0,2200.0
JVDC,JVDC,,2026-02-03,0,0,2128118,0,2128118.0,0,0,50,Neutral,0,0,0,Bearish,41,D,10,18,5,10,Low,REDUCE,141.19,162.49
KOHTM,KOHTM,,2026-02-03,0,0,9960,0,9960.0,0,0,50,Neutral,0,0,0,Bearish,41,D,10,20,3,10,Low,REDUCE,56.0,58.48
SHDT,SHDT,,2026-02-03,0,0,21651,0,21651.0,0,0,50,Neutral,0,0,0,Bearish,41,D,10,20,3,10,Low,REDUCE,50.0,53.79
SHFA,SHFA,,2026-02-03,0,0,8839,0,8839.0,0,0,50,Neutral,0,0,0,Bearish,41,D,10,18,5,10,Low,REDUCE,562.04,605.99
SURC,SURC,,2026-02-03,0,0,146,0,146.0,0,0,50,Neutral,0,0,0,Bearish,41,D,10,20,3,10,Low,REDUCE,117.0,121.99
SZTM,SZTM,,2026-02-03,0,0,65,0,65.0,0,0,50,Neutral,0,0,0,Bearish,41,D,10,20,3,10,Low,REDUCE,48.11,52.99
ZAL,ZAL,,2026-02-03,0,0,2713304,0,2713304.0,0,0,50,Neutral,0,0,0,Bearish,41,D,10,18,5,10,Low,REDUCE,60.0,70.48
AKBL,AKBL,,2026-02-03,0,0,1133659,0,1133659.0,0,0,50,Neutral,0,0,0,Bearish,40,D,10,18,4,10,Low,REDUCE,114.54,125.45
ALIFE,ALIFE,,2026-02-03,0,0,2799,0,2799.0,0,0,50,Neutral,0,0,0,Bearish,40,D,10,18,4,10,Low,REDUCE,35.04,40.67
AVN,AVN,,2026-02-03,0,0,1403520,0,1403520.0,0,0,50,Neutral,0,0,0,Bearish,40,D,10,18,4,10,Low,REDUCE,40.4,42.9
COLG,COLG,,2026-02-03,0,0,1845,0,1845.0,0,0,50,Neutral,0,0,0,Bearish,40,D,10,18,4,10,Low,REDUCE,1191.23,1274.99
LSECL,LSECL,,2026-02-03,0,0,4830113,0,4830113.0,0,0,50,Neutral,0,0,0,Bearish,40,D,10,18,4,10,Low,REDUCE,5.21,6.25
LUCK,LUCK,Technology,2026-02-03,0,0,443067,0,443067.0,0,0,50,Neutral,0,0,0,Bearish,40,D,10,18,4,10,Low,REDUCE,465.0,497.0
OGDC,OGDC,Technology,2026-02-03,0,0,1126589,0,1126589.0,0,0,50,Neutral,0,0,0,Bearish,40,D,10,18,4,10,Low,REDUCE,318.6,335.0
AATM,AATM,,2026-02-03,0,0,1168,0,1168.0,0,0,50,Neutral,0,0,0,Bearish,39,F,10,18,3,10,Low,SELL,39.0,44.56
AHCL,AHCL,,2026-02-03,0,0,1470094,0,1470094.0,0,0,50,Neutral,0,0,0,Bearish,39,F,10,18,3,10,Low,SELL,17.89,19.32
AHL,AHL,,2026-02-03,0,0,102015,0,102015.0,0,0,50,Neutral,0,0,0,Bearish,39,F,10,18,3,10,Low,SELL,109.01,117.0
AMBL,AMBL,,2026-02-03,0,0,21095,0,21095.0,0,0,50,Neutral,0,0,0,Bearish,39,F,10,18,3,10,Low,SELL,11.18,19.71
BRRG,BRRG,,2026-02-03,0,0,3206,0,3206.0,0,0,50,Neutral,0,0,0,Bearish,39,F,10,18,3,10,Low,SELL,40.42,42.4
BWCL,BWCL,,2026-02-03,0,0,40841,0,40841.0,0,0,50,Neutral,0,0,0,Bearish,39,F,10,18,3,10,Low,SELL,510.0,525.99
CHCC,CHCC,,2026-02-03,0,0,3019,0,3019.0,0,0,50,Neutral,0,0,0,Bearish,39,F,10,18,3,10,Low,SELL,320.0,334.87
CSIL,CSIL,,2026-02-03,0,0,2874155,0,2874155.0,0,0,50,Neutral,0,0,0,Bearish,39,F,10,18,3,10,Low,SELL,5.5,7.3
DCR,DCR,,2026-02-03,0,0,487565,0,487565.0,0,0,50,Neutral,0,0,0,Bearish,39,F,10,18,3,10,Low,SELL,37.65,39.29
DMC,DMC,,2026-02-03,0,0,288,0,288.0,0,0,50,Neutral,0,0,0,Bearish,39,F,10,18,3,10,Low,SELL,191.0,244.52
DSIL,DSIL,,2026-02-03,0,0,244319,0,244319.0,0,0,50,Neutral,0,0,0,Bearish,39,F,10,18,3,10,Low,SELL,10.19,10.87
EFERT,EFERT,,2026-02-03,0,0,589509,0,589509.0,0,0,50,Neutral,0,0,0,Bearish,39,F,10,18,3,10,Low,SELL,239.5,248.0
ENGROH,ENGROH,,2026-02-03,0,0,3514475,0,3514475.0,0,0,50,Neutral,0,0,0,Bearish,39,F,10,18,3,10,Low,SELL,255.8,275.99
EPQL,EPQL,,2026-02-03,0,0,187591,0,187591.0,0,0,50,Neutral,0,0,0,Bearish,39,F,10,18,3,10,Low,SELL,31.01,32.0
FATIMA,FATIMA,,2026-02-03,0,0,7657206,0,7657206.0,0,0,50,Neutral,0,0,0,Bearish,39,F,10,16,5,10,Low,SELL,160.1,187.01
FFC,FFC,,2026-02-03,0,0,2132269,0,2132269.0,0,0,50,Neutral,0,0,0,Bearish,39,F,10,18,3,10,Low,SELL,572.0,600.0
FIL,FIL,,2026-02-03,0,0,122,0,122.0,0,0,50,Neutral,0,0,0,Bearish,39,F,10,18,3,10,Low,SELL,156.1,189.19
GGGL,GGGL,,2026-02-03,0,0,453147,0,453147.0,0,0,50,Neutral,0,0,0,Bearish,39,F,10,16,5,10,Low,SELL,10.41,11.17
GGL,GGL,,2026-02-03,0,0,800035,0,800035.0,0,0,50,Neutral,0,0,0,Bearish,39,F,10,18,3,10,Low,SELL,23.0,24.86
GVGL,GVGL,,2026-02-03,0,0,8258,0,8258.0,0,0,50,Neutral,0,0,0,Bearish,39,F,10,18,3,10,Low,SELL,59.85,64.0
HICL,HICL,,2026-02-03,0,0,54545,0,54545.0,0,0,50,Neutral,0,0,0,Bearish,39,F,10,18,3,10,Low,SELL,12.55,13.5
HIFA,HIFA,,2026-02-03,0,0,141189,0,141189.0,0,0,50,Neutral,0,0,0,Bearish,39,F,10,18,3,10,Low,SELL,6.3,6.94
HUBC,HUBC,Technology,2026-02-03,0,0,2126647,0,2126647.0,0,0,50,Neutral,0,0,0,Bearish,39,F,10,18,3,10,Low,SELL,228.01,243.0
HUMNL,HUMNL,,2026-02-03,0,0,2731694,0,2731694.0,0,0,50,Neutral,0,0,0,Bearish,39,F,10,18,3,10,Low,SELL,12.12,13.19
ICIBL,ICIBL,,2026-02-03,0,0,327781,0,327781.0,0,0,50,Neutral,0,0,0,Bearish,39,F,10,18,3,10,Low,SELL,4.97,5.4
IMS,IMS,,2026-02-03,0,0,513438,0,513438.0,0,0,50,Neutral,0,0,0,Bearish,39,F,10,18,3,10,Low,SELL,20.55,23.18
JSCL,JSCL,,2026-02-03,0,0,1283176,0,1283176.0,0,0,50,Neutral,0,0,0,Bearish,39,F,10,18,3,10,Low,SELL,26.7,29.78
JSGCL,JSGCL,,2026-02-03,0,0,23,0,23.0,0,0,50,Neutral,0,0,0,Bearish,39,F,10,18,3,10,Low,SELL,159.12,182.0
JUBS,JUBS,,2026-02-03,0,0,6222,0,6222.0,0,0,50,Neutral,0,0,0,Bearish,39,F,10,18,3,10,Low,SELL,21.5,25.5
KOHC,KOHC,,2026-02-03,0,0,53141,0,53141.0,0,0,50,Neutral,0,0,0,Bearish,39,F,10,18,3,10,Low,SELL,105.0,116.2
KOHP,KOHP,,2026-02-03,0,0,1802201,0,1802201.0,0,0,50,Neutral,0,0,0,Bearish,39,F,10,18,3,10,Low,SELL,36.79,68.38
LSEFSL,LSEFSL,,2026-02-03,0,0,258,0,258.0,0,0,50,Neutral,0,0,0,Bearish,39,F,10,18,3,10,Low,SELL,21.0,25.42
MARI,MARI,,2026-02-03,0,0,172905,0,172905.0,0,0,50,Neutral,0,0,0,Bearish,39,F,10,18,3,10,Low,SELL,693.01,739.0
MEBL,MEBL,,2026-02-03,0,0,554376,0,554376.0,0,0,50,Neutral,0,0,0,Bearish,39,F,10,18,3,10,Low,SELL,478.06,495.9
MERIT,MERIT,,2026-02-03,0,0,90137,0,90137.0,0,0,50,Neutral,0,0,0,Bearish,39,F,10,18,3,10,Low,SELL,12.1,12.96
MLCF,MLCF,,2026-02-03,0,0,1293316,0,1293316.0,0,0,50,Neutral,0,0,0,Bearish,39,F,10,18,3,10,Low,SELL,113.62,122.4
OLPL,OLPL,,2026-02-03,0,0,513,0,513.0,0,0,50,Neutral,0,0,0,Bearish,39,F,10,18,3,10,Low,SELL,47.0,49.0
PAKL,PAKL,,2026-02-03,0,0,7197,0,7197.0,0,0,50,Neutral,0,0,0,Bearish,39,F,10,18,3,10,Low,SELL,44.6,51.5
PAKRI,PAKRI,,2026-02-03,0,0,1260310,0,1260310.0,0,0,50,Neutral,0,0,0,Bearish,39,F,10,18,3,10,Low,SELL,20.05,22.64
PAKT,PAKT,,2026-02-03,0,0,385,0,385.0,0,0,50,Neutral,0,0,0,Bearish,39,F,10,18,3,10,Low,SELL,1615.0,1669.8
PGLC,PGLC,,2026-02-03,0,0,1409,0,1409.0,0,0,50,Neutral,0,0,0,Bearish,39,F,10,18,3,10,Low,SELL,15.2,17.0
PKGI,PKGI,,2026-02-03,0,0,83329,0,83329.0,0,0,50,Neutral,0,0,0,Bearish,39,F,10,18,3,10,Low,SELL,12.56,14.86
PKGP,PKGP,,2026-02-03,0,0,9146,0,9146.0,0,0,50,Neutral,0,0,0,Bearish,39,F,10,18,3,10,Low,SELL,57.0,60.94
POL,POL,,2026-02-03,0,0,528115,0,528115.0,0,0,50,Neutral,0,0,0,Bearish,39,F,10,18,3,10,Low,SELL,630.26,678.97
PPL,PPL,,2026-02-03,0,0,1753342,0,1753342.0,0,0,50,Neutral,0,0,0,Bearish,39,F,10,18,3,10,Low,SELL,273.02,284.6
PSX,PSX,,2026-02-03,0,0,2423654,0,2423654.0,0,0,50,Neutral,0,0,0,Bearish,39,F,10,18,3,10,Low,SELL,47.0,53.25
SARC,SARC,,2026-02-03,0,0,254,0,254.0,0,0,50,Neutral,0,0,0,Bearish,39,F,10,18,3,10,Low,SELL,78.06,90.0
SAZEW,SAZEW,,2026-02-03,0,0,471901,0,471901.0,0,0,50,Neutral,0,0,0,Bearish,39,F,10,18,3,10,Low,SELL,1964.04,2429.0
SCBPL,SCBPL,,2026-02-03,0,0,18862,0,18862.0,0,0,50,Neutral,0,0,0,Bearish,39,F,10,18,3,10,Low,SELL,70.01,73.98
SEPL,SEPL,,2026-02-03,0,0,43405,0,43405.0,0,0,50,Neutral,0,0,0,Bearish,39,F,10,18,3,10,Low,SELL,173.0,199.99
SFL,SFL,,2026-02-03,0,0,48,0,48.0,0,0,50,Neutral,0,0,0,Bearish,39,F,10,18,3,10,Low,SELL,1100.0,1223.0
SHNI,SHNI,,2026-02-03,0,0,6502,0,6502.0,0,0,50,Neutral,0,0,0,Bearish,39,F,10,18,3,10,Low,SELL,9.71,10.3
SIBL,SIBL,,2026-02-03,0,0,890,0,890.0,0,0,50,Neutral,0,0,0,Bearish,39,F,10,18,3,10,Low,SELL,8.27,9.0
SLGL,SLGL,,2026-02-03,0,0,470375,0,470375.0,0,0,50,Neutral,0,0,0,Bearish,39,F,10,18,3,10,Low,SELL,19.55,21.3
SYM,SYM,,2026-02-03,0,0,1980497,0,1980497.0,0,0,50,Neutral,0,0,0,Bearish,39,F,10,18,3,10,Low,SELL,13.83,14.95
SYS,SYS,Technology,2026-02-03,0,0,760735,0,760735.0,0,0,50,Neutral,0,0,0,Bearish,39,F,10,18,3,10,Low,SELL,153.0,161.63
THCCL,THCCL,,2026-02-03,0,0,3562084,0,3562084.0,0,0,50,Neutral,0,0,0,Bearish,39,F,10,18,3,10,Low,SELL,64.8,75.15
TRG,TRG,,2026-02-03,0,0,423895,0,423895.0,0,0,50,Neutral,0,0,0,Bearish,39,F,10,18,3,10,Low,SELL,71.13,77.09
TSMF,TSMF,,2026-02-03,0,0,1855,0,1855.0,0,0,50,Neutral,0,0,0,Bearish,39,F,10,18,3,10,Low,SELL,14.1,15.91
UNIC,UNIC,,2026-02-03,0,0,11594,0,11594.0,0,0,50,Neutral,0,0,0,Bearish,39,F,10,18,3,10,Low,SELL,14.51,14.89
AGP,AGP,,2026-02-03,0,0,68181,0,68181.0,0,0,50,Neutral,0,0,0,Bearish,38,F,10,16,4,10,Low,SELL,205.32,228.0
FCCL,FCCL,,2026-02-03,0,0,1419377,0,1419377.0,0,0,50,Neutral,0,0,0,Bearish,38,F,10,16,4,10,Low,SELL,56.03,59.6
PSMC,PSMC,,2026-02-03,0,0,292769,0,292769.0,0,0,50,Neutral,0,0,0,Bearish,38,F,10,16,4,10,Low,SELL,609.0,609.0
ABL,ABL,,2026-02-03,0,0,40803,0,40803.0,0,0,50,Neutral,0,0,0,Bearish,37,F,10,16,3,10,Low,SELL,197.0,208.44
AGTL,AGTL,,2026-02-03,0,0,34011,0,34011.0,0,0,50,Neutral,0,0,0,Bearish,37,F,10,16,3,10,Low,SELL,405.0,429.0
APL,APL,,2026-02-03,0,0,8123,0,8123.0,0,0,50,Neutral,0,0,0,Bearish,37,F,10,16,3,10,Low,SELL,598.02,633.0
ARCTM,ARCTM,,2026-02-03,0,0,1436,0,1436.0,0,0,50,Neutral,0,0,0,Bearish,37,F,10,16,3,10,Low,SELL,29.0,33.2
BBFL,BBFL,,2026-02-03,0,0,623374,0,623374.0,0,0,50,Neutral,0,0,0,Bearish,37,F,10,16,3,10,Low,SELL,48.05,49.44
BFAGRO,BFAGRO,,2026-02-03,0,0,198756,0,198756.0,0,0,50,Neutral,0,0,0,Bearish,37,F,10,16,3,10,Low,SELL,40.61,43.35
BIFO,BIFO,,2026-02-03,0,0,70580,0,70580.0,0,0,50,Neutral,0,0,0,Bearish,37,F,10,16,3,10,Low,SELL,167.11,189.9
BIPL,BIPL,,2026-02-03,0,0,481731,0,481731.0,0,0,50,Neutral,0,0,0,Bearish,37,F,10,16,3,10,Low,SELL,31.61,33.02
BOP,BOP,,2026-02-03,0,0,36965030,0,36965030.0,0,0,50,Neutral,0,0,0,Bearish,37,F,10,16,3,10,Low,SELL,37.9,42.0
BWHL,BWHL,,2026-02-03,0,0,58801,0,58801.0,0,0,50,Neutral,0,0,0,Bearish,37,F,10,16,3,10,Low,SELL,208.0,240.0
CHAS,CHAS,,2026-02-03,0,0,46556,0,46556.0,0,0,50,Neutral,0,0,0,Bearish,37,F,10,16,3,10,Low,SELL,60.55,75.77
CPHL,CPHL,,2026-02-03,0,0,1099930,0,1099930.0,0,0,50,Neutral,0,0,0,Bearish,37,F,10,14,5,10,Low,SELL,84.07,91.3
DGKC,DGKC,,2026-02-03,0,0,712689,0,712689.0,0,0,50,Neutral,0,0,0,Bearish,37,F,10,16,3,10,Low,SELL,221.01,237.16
DOL,DOL,,2026-02-03,0,0,141066,0,141066.0,0,0,50,Neutral,0,0,0,Bearish,37,F,10,16,3,10,Low,SELL,31.8,32.99
FABL,FABL,,2026-02-03,0,0,422421,0,422421.0,0,0,50,Neutral,0,0,0,Bearish,37,F,10,16,3,10,Low,SELL,96.1,99.79
FDPL,FDPL,,2026-02-03,0,0,659748,0,659748.0,0,0,50,Neutral,0,0,0,Bearish,37,F,10,16,3,10,Low,SELL,5.03,6.25
GADT,GADT,,2026-02-03,0,0,20469,0,20469.0,0,0,50,Neutral,0,0,0,Bearish,37,F,10,16,3,10,Low,SELL,305.11,353.0
GAL,GAL,,2026-02-03,0,0,94667,0,94667.0,0,0,50,Neutral,0,0,0,Bearish,37,F,10,16,3,10,Low,SELL,510.54,540.69
GEMNETS,GEMNETS,,2026-02-03,0,0,1,0,1.0,0,0,50,Neutral,0,0,0,Bearish,37,F,10,16,3,10,Low,SELL,30.49,33.99
GHGL,GHGL,,2026-02-03,0,0,832780,0,832780.0,0,0,50,Neutral,0,0,0,Bearish,37,F,10,16,3,10,Low,SELL,36.01,37.6
GLAXO,GLAXO,,2026-02-03,0,0,150376,0,150376.0,0,0,50,Neutral,0,0,0,Bearish,37,F,10,16,3,10,Low,SELL,415.0,435.0
GUSM,GUSM,,2026-02-03,0,0,1151,0,1151.0,0,0,50,Neutral,0,0,0,Bearish,37,F,10,16,3,10,Low,SELL,7.75,8.55
GWLC,GWLC,,2026-02-03,0,0,408037,0,408037.0,0,0,50,Neutral,0,0,0,Bearish,37,F,10,16,3,10,Low,SELL,60.0,65.14
HINOON,HINOON,,2026-02-03,0,0,69095,0,69095.0,0,0,50,Neutral,0,0,0,Bearish,37,F,10,16,3,10,Low,SELL,985.0,1055.0
IDYM,IDYM,,2026-02-03,0,0,53283,0,53283.0,0,0,50,Neutral,0,0,0,Bearish,37,F,10,16,3,10,Low,SELL,157.0,167.46
IMAGE,IMAGE,,2026-02-03,0,0,948544,0,948544.0,0,0,50,Neutral,0,0,0,Bearish,37,F,10,16,3,10,Low,SELL,24.0,27.2
JDWS,JDWS,,2026-02-03,0,0,4596,0,4596.0,0,0,50,Neutral,0,0,0,Bearish,37,F,10,14,5,10,Low,SELL,815.0,950.0
KAPCO,KAPCO,,2026-02-03,0,0,183331,0,183331.0,0,0,50,Neutral,0,0,0,Bearish,37,F,10,18,1,10,Low,SELL,34.5,35.75
MCB,MCB,,2026-02-03,0,0,257921,0,257921.0,0,0,50,Neutral,0,0,0,Bearish,37,F,10,18,1,10,Low,SELL,403.0,421.95
MFFL,MFFL,,2026-02-03,0,0,3593,0,3593.0,0,0,50,Neutral,0,0,0,Bearish,37,F,10,16,3,10,Low,SELL,190.01,197.9
MSOT,MSOT,,2026-02-03,0,0,11086,0,11086.0,0,0,50,Neutral,0,0,0,Bearish,37,F,10,16,3,10,Low,SELL,56.55,63.97
MTL,MTL,,2026-02-03,0,0,147629,0,147629.0,0,0,50,Neutral,0,0,0,Bearish,37,F,10,16,3,10,Low,SELL,529.99,576.0
MUREB,MUREB,,2026-02-03,0,0,4414,0,4414.0,0,0,50,Neutral,0,0,0,Bearish,37,F,10,16,3,10,Low,SELL,945.0,1056.0
NATF,NATF,,2026-02-03,0,0,70133,0,70133.0,0,0,50,Neutral,0,0,0,Bearish,37,F,10,14,5,10,Low,SELL,405.0,418.0
NCL,NCL,,2026-02-03,0,0,1905993,0,1905993.0,0,0,50,Neutral,0,0,0,Bearish,37,F,10,16,3,10,Low,SELL,47.6,57.98
NETSOL,NETSOL,,2026-02-03,0,0,223105,0,223105.0,0,0,50,Neutral,0,0,0,Bearish,37,F,10,16,3,10,Low,SELL,122.0,130.49
OCTOPUS,OCTOPUS,,2026-02-03,0,0,186203,0,186203.0,0,0,50,Neutral,0,0,0,Bearish,37,F,10,16,3,10,Low,SELL,38.7,42.01
OML,OML,,2026-02-03,0,0,50,0,50.0,0,0,50,Neutral,0,0,0,Bearish,37,F,10,18,1,10,Low,SELL,34.28,35.9
PACE,PACE,,2026-02-03,0,0,3633931,0,3633931.0,0,0,50,Neutral,0,0,0,Bearish,37,F,10,16,3,10,Low,SELL,15.63,17.48
PIOC,PIOC,,2026-02-03,0,0,15571,0,15571.0,0,0,50,Neutral,0,0,0,Bearish,37,F,10,16,3,10,Low,SELL,333.25,362.0
PRWM,PRWM,,2026-02-03,0,0,469,0,469.0,0,0,50,Neutral,0,0,0,Bearish,37,F,10,16,3,10,Low,SELL,40.5,46.0
PSO,PSO,,2026-02-03,0,0,562960,0,562960.0,0,0,50,Neutral,0,0,0,Bearish,37,F,10,16,3,10,Low,SELL,467.7,495.48
RCML,RCML,,2026-02-03,0,0,14,0,14.0,0,0,50,Neutral,0,0,0,Bearish,37,F,10,16,3,10,Low,SELL,500.02,506.02
RMPL,RMPL,,2026-02-03,0,0,92,0,92.0,0,0,50,Neutral,0,0,0,Bearish,37,F,10,16,3,10,Low,SELL,9905.1,10139.99
SGF,SGF,,2026-02-03,0,0,415176,0,415176.0,0,0,50,Neutral,0,0,0,Bearish,37,F,10,14,5,10,Low,SELL,119.52,132.0
SHEZ,SHEZ,,2026-02-03,0,0,6787,0,6787.0,0,0,50,Neutral,0,0,0,Bearish,37,F,10,16,3,10,Low,SELL,260.0,282.0
SNGP,SNGP,,2026-02-03,0,0,693513,0,693513.0,0,0,50,Neutral,0,0,0,Bearish,37,F,10,16,3,10,Low,SELL,113.5,119.95
SPEL,SPEL,,2026-02-03,0,0,143795,0,143795.0,0,0,50,Neutral,0,0,0,Bearish,37,F,10,16,3,10,Low,SELL,54.0,58.35
SSIC,SSIC,,2026-02-03,0,0,0,0,1.0,0,0,50,Neutral,0,0,0,Bearish,37,F,10,16,3,10,Low,SELL,0.0,0.0
SSOM,SSOM,,2026-02-03,0,0,9083,0,9083.0,0,0,50,Neutral,0,0,0,Bearish,37,F,10,16,3,10,Low,SELL,415.0,439.0
STJT,STJT,,2026-02-03,0,0,5710,0,5710.0,0,0,50,Neutral,0,0,0,Bearish,37,F,10,16,3,10,Low,SELL,97.89,109.0
STL,STL,,2026-02-03,0,0,6,0,6.0,0,0,50,Neutral,0,0,0,Bearish,37,F,10,16,3,10,Low,SELL,1225.0,1327.1
TGL,TGL,,2026-02-03,0,0,186105,0,186105.0,0,0,50,Neutral,0,0,0,Bearish,37,F,10,16,3,10,Low,SELL,215.0,230.5
UNITY,UNITY,,2026-02-03,0,0,2044561,0,2044561.0,0,0,50,Neutral,0,0,0,Bearish,37,F,10,16,3,10,Low,SELL,19.55,20.99
ZAHID,ZAHID,,2026-02-03,0,0,3069,0,3069.0,0,0,50,Neutral,0,0,0,Bearish,37,F,10,16,3,10,Low,SELL,54.1,61.7
GCIL,GCIL,,2026-02-03,0,0,2966838,0,2966838.0,0,0,50,Neutral,0,0,0,Bearish,36,F,10,18,0,10,Low,SELL,30.52,35.1
HABSM,HABSM,,2026-02-03,0,0,71232,0,71232.0,0,0,50,Neutral,0,0,0,Bearish,36,F,10,14,4,10,Low,SELL,69.33,76.48
LCI,LCI,,2026-02-03,0,0,416067,0,416067.0,0,0,50,Neutral,0,0,0,Bearish,36,F,10,14,4,10,Low,SELL,265.11,301.0
PAKOXY,PAKOXY,,2026-02-03,0,0,17028,0,17028.0,0,0,50,Neutral,0,0,0,Bearish,36,F,10,14,4,10,Low,SELL,318.0,356.68
REDCO,REDCO,,2026-02-03,0,0,12470,0,12470.0,0,0,50,Neutral,0,0,0,Bearish,36,F,10,14,4,10,Low,SELL,25.5,33.22
SIEM,SIEM,,2026-02-03,0,0,3235,0,3235.0,0,0,50,Neutral,0,0,0,Bearish,36,F,10,14,4,10,Low,SELL,1335.0,1520.0
AABS,AABS,,2026-02-03,0,0,61,0,61.0,0,0,50,Neutral,0,0,0,Bearish,35,F,10,14,3,10,Low,SELL,950.02,1038.0
ABOT,ABOT,,2026-02-03,0,0,1768,0,1768.0,0,0,50,Neutral,0,0,0,Bearish,35,F,10,14,3,10,Low,SELL,1139.98,1200.0
ACPL,ACPL,,2026-02-03,0,0,174112,0,174112.0,0,0,50,Neutral,0,0,0,Bearish,35,F,10,14,3,10,Low,SELL,275.0,301.07
AGL,AGL,,2026-02-03,0,0,348365,0,348365.0,0,0,50,Neutral,0,0,0,Bearish,35,F,10,14,3,10,Low,SELL,68.5,74.98
AIRLINK,AIRLINK,,2026-02-03,0,0,178363,0,178363.0,0,0,50,Neutral,0,0,0,Bearish,35,F,10,14,3,10,Low,SELL,175.61,191.9
ATLH,ATLH,,2026-02-03,0,0,3887,0,3887.0,0,0,50,Neutral,0,0,0,Bearish,35,F,10,14,3,10,Low,SELL,1802.0,1926.0
BAFS,BAFS,,2026-02-03,0,0,237,0,237.0,0,0,50,Neutral,0,0,0,Bearish,35,F,10,14,3,10,Low,SELL,270.55,290.0
BAHL,BAHL,,2026-02-03,0,0,765202,0,765202.0,0,0,50,Neutral,0,0,0,Bearish,35,F,10,14,3,10,Low,SELL,193.0,200.5
BFBIO,BFBIO,,2026-02-03,0,0,144849,0,144849.0,0,0,50,Neutral,0,0,0,Bearish,35,F,10,14,3,10,Low,SELL,155.0,161.99
BOK,BOK,,2026-02-03,0,0,30324,0,30324.0,0,0,50,Neutral,0,0,0,Bearish,35,F,10,14,3,10,Low,SELL,34.25,39.5
CLOV,CLOV,,2026-02-03,0,0,670089,0,670089.0,0,0,50,Neutral,0,0,0,Bearish,35,F,10,14,3,10,Low,SELL,57.45,74.9
DYNO,DYNO,,2026-02-03,0,0,3019,0,3019.0,0,0,50,Neutral,0,0,0,Bearish,35,F,10,14,3,10,Low,SELL,282.1,296.77
EFUL,EFUL,,2026-02-03,0,0,17815,0,17815.0,0,0,50,Neutral,0,0,0,Bearish,35,F,10,14,3,10,Low,SELL,173.0,180.5
FCIBL,FCIBL,,2026-02-03,0,0,1984,0,1984.0,0,0,50,Neutral,0,0,0,Bearish,35,F,10,14,3,10,Low,SELL,28.1,36.9
FECTC,FECTC,,2026-02-03,0,0,79353,0,79353.0,0,0,50,Neutral,0,0,0,Bearish,35,F,10,14,3,10,Low,SELL,138.5,157.5
FLYNG,FLYNG,,2026-02-03,0,0,300798,0,300798.0,0,0,50,Neutral,0,0,0,Bearish,35,F,10,14,3,10,Low,SELL,50.51,54.96
GOC,GOC,,2026-02-03,0,0,201,0,201.0,0,0,50,Neutral,0,0,0,Bearish,35,F,10,14,3,10,Low,SELL,100.0,111.0
HALEON,HALEON,,2026-02-03,0,0,32892,0,32892.0,0,0,50,Neutral,0,0,0,Bearish,35,F,10,16,1,10,Low,SELL,906.0,973.0
HBL,HBL,,2026-02-03,0,0,141101,0,141101.0,0,0,50,Neutral,0,0,0,Bearish,35,F,10,14,3,10,Low,SELL,337.6,350.49
HPL,HPL,,2026-02-03,0,0,338,0,338.0,0,0,50,Neutral,0,0,0,Bearish,35,F,10,14,3,10,Low,SELL,4281.0,4500.0
IPAK,IPAK,,2026-02-03,0,0,567624,0,567624.0,0,0,50,Neutral,0,0,0,Bearish,35,F,10,14,3,10,Low,SELL,28.61,30.2
ISIL,ISIL,,2026-02-03,0,0,28,0,28.0,0,0,50,Neutral,0,0,0,Bearish,35,F,10,14,3,10,Low,SELL,1960.01,2020.4
ITANZ,ITANZ,,2026-02-03,0,0,0,0,1.0,0,0,50,Neutral,0,0,0,Bearish,35,F,10,12,5,10,Low,SELL,0.0,0.0
JLICL,JLICL,,2026-02-03,0,0,57781,0,57781.0,0,0,50,Neutral,0,0,0,Bearish,35,F,10,14,3,10,Low,SELL,214.0,245.0
JSMFETF,JSMFETF,,2026-02-03,0,0,121500,0,121500.0,0,0,50,Neutral,0,0,0,Bearish,35,F,10,12,5,10,Low,SELL,12.59,13.09
LOADS,LOADS,,2026-02-03,0,0,572299,0,572299.0,0,0,50,Neutral,0,0,0,Bearish,35,F,10,14,3,10,Low,SELL,16.82,18.0
MACTER,MACTER,,2026-02-03,0,0,28159,0,28159.0,0,0,50,Neutral,0,0,0,Bearish,35,F,10,14,3,10,Low,SELL,330.0,347.48
MWMP,MWMP,,2026-02-03,0,0,120252,0,120252.0,0,0,50,Neutral,0,0,0,Bearish,35,F,10,14,3,10,Low,SELL,51.2,65.47
NESTLE,NESTLE,,2026-02-03,0,0,43,0,43.0,0,0,50,Neutral,0,0,0,Bearish,35,F,10,14,3,10,Low,SELL,7201.02,8000.0
NEXT,NEXT,,2026-02-03,0,0,56237,0,56237.0,0,0,50,Neutral,0,0,0,Bearish,35,F,10,14,3,10,Low,SELL,12.76,13.75
PAKD,PAKD,,2026-02-03,0,0,5309,0,5309.0,0,0,50,Neutral,0,0,0,Bearish,35,F,10,14,3,10,Low,SELL,143.0,163.0
PPP,PPP,,2026-02-03,0,0,9687,0,9687.0,0,0,50,Neutral,0,0,0,Bearish,35,F,10,14,3,10,Low,SELL,137.61,145.99
PREMA,PREMA,,2026-02-03,0,0,325185,0,325185.0,0,0,50,Neutral,0,0,0,Bearish,35,F,10,14,3,10,Low,SELL,37.0,39.5
PSEL,PSEL,,2026-02-03,0,0,12717,0,12717.0,0,0,50,Neutral,0,0,0,Bearish,35,F,10,12,5,10,Low,SELL,950.0,1073.66
SMCPL,SMCPL,,2026-02-03,0,0,2627,0,2627.0,0,0,50,Neutral,0,0,0,Bearish,35,F,10,14,3,10,Low,SELL,47.0,53.41
SNBL,SNBL,,2026-02-03,0,0,1285385,0,1285385.0,0,0,50,Neutral,0,0,0,Bearish,35,F,10,14,3,10,Low,SELL,22.33,27.42
SPWL,SPWL,,2026-02-03,0,0,448404,0,448404.0,0,0,50,Neutral,0,0,0,Bearish,35,F,10,12,5,10,Low,SELL,10.16,11.45
SRVI,SRVI,,2026-02-03,0,0,3024,0,3024.0,0,0,50,Neutral,0,0,0,Bearish,35,F,10,12,5,10,Low,SELL,1740.0,1884.0
STYLERS,STYLERS,,2026-02-03,0,0,1369,0,1369.0,0,0,50,Neutral,0,0,0,Bearish,35,F,10,14,3,10,Low,SELL,44.0,47.0
THALL,THALL,,2026-02-03,0,0,1900,0,1900.0,0,0,50,Neutral,0,0,0,Bearish,35,F,10,14,3,10,Low,SELL,615.0,664.9
TREET,TREET,,2026-02-03,0,0,4324480,0,4324480.0,0,0,50,Neutral,0,0,0,Bearish,35,F,10,14,3,10,Low,SELL,32.4,35.08
UBL,UBL,,2026-02-03,0,0,579117,0,579117.0,0,0,50,Neutral,0,0,0,Bearish,35,F,10,14,3,10,Low,SELL,480.0,499.8
WAHN,WAHN,,2026-02-03,0,0,848,0,848.0,0,0,50,Neutral,0,0,0,Bearish,35,F,10,14,3,10,Low,SELL,305.89,349.99
WASL,WASL,,2026-02-03,0,0,298481,0,298481.0,0,0,50,Neutral,0,0,0,Bearish,35,F,10,12,5,10,Low,SELL,6.21,6.79
AGIL,AGIL,,2026-02-03,0,0,34130,0,34130.0,0,0,50,Neutral,0,0,0,Bearish,34,F,10,12,4,10,Low,SELL,166.01,191.0
AMSL,AMSL,,2026-02-03,0,0,0,0,1.0,0,0,50,Neutral,0,0,0,Bearish,34,F,10,12,4,10,Low,SELL,0.0,0.0
ARPL,ARPL,,2026-02-03,0,0,41871,0,41871.0,0,0,50,Neutral,0,0,0,Bearish,34,F,10,12,4,10,Low,SELL,436.3,452.99
MIRKS,MIRKS,,2026-02-03,0,0,26038,0,26038.0,0,0,50,Neutral,0,0,0,Bearish,34,F,10,12,4,10,Low,SELL,35.2,38.75
SHJS,SHJS,,2026-02-03,0,0,9805,0,9805.0,0,0,50,Neutral,0,0,0,Bearish,34,F,10,12,4,10,Low,SELL,172.6,220.89
786R,786R,,2026-02-03,0,0,198112,0,198112.0,0,0,50,Neutral,0,0,0,Bearish,33,F,10,12,3,10,Low,SELL,2.25,2.77
AAL,AAL,,2026-02-03,0,0,0,0,1.0,0,0,50,Neutral,0,0,0,Bearish,33,F,10,12,3,10,Low,SELL,0.0,0.0
ABSON,ABSON,,2026-02-03,0,0,0,0,1.0,0,0,50,Neutral,0,0,0,Bearish,33,F,10,12,3,10,Low,SELL,0.0,0.0
ACIETF,ACIETF,,2026-02-03,0,0,8000,0,8000.0,0,0,50,Neutral,0,0,0,Bearish,33,F,10,12,3,10,Low,SELL,18.3,20.0
ADAMS,ADAMS,,2026-02-03,0,0,730,0,730.0,0,0,50,Neutral,0,0,0,Bearish,33,F,10,12,3,10,Low,SELL,75.02,82.74
AGICR2,AGICR2,,2026-02-03,0,0,350180,0,350180.0,0,0,50,Neutral,0,0,0,Bearish,33,F,10,12,3,10,Low,SELL,5.4,6.63
AGLNCPS,AGLNCPS,,2026-02-03,0,0,406,0,406.0,0,0,50,Neutral,0,0,0,Bearish,33,F,10,12,3,10,Low,SELL,28.7,38.58
AHTM,AHTM,,2026-02-03,0,0,1,0,1.0,0,0,50,Neutral,0,0,0,Bearish,33,F,10,12,3,10,Low,SELL,80.02,86.0
AKGL,AKGL,,2026-02-03,0,0,1314,0,1314.0,0,0,50,Neutral,0,0,0,Bearish,33,F,10,12,3,10,Low,SELL,54.22,64.0
ALAC,ALAC,,2026-02-03,0,0,85683,0,85683.0,0,0,50,Neutral,0,0,0,Bearish,33,F,10,12,3,10,Low,SELL,13.25,15.7
ALNRS,ALNRS,,2026-02-03,0,0,7725,0,7725.0,0,0,50,Neutral,0,0,0,Bearish,33,F,10,12,3,10,Low,SELL,123.0,130.0
ANL,ANL,,2026-02-03,0,0,485118,0,485118.0,0,0,50,Neutral,0,0,0,Bearish,33,F,10,12,3,10,Low,SELL,11.52,12.5
ANLNV,ANLNV,,2026-02-03,0,0,0,0,1.0,0,0,50,Neutral,0,0,0,Bearish,33,F,10,12,3,10,Low,SELL,0.0,0.0
ANLPS,ANLPS,,2026-02-03,0,0,0,0,1.0,0,0,50,Neutral,0,0,0,Bearish,33,F,10,12,3,10,Low,SELL,0.0,0.0
ANNT,ANNT,,2026-02-03,0,0,0,0,1.0,0,0,50,Neutral,0,0,0,Bearish,33,F,10,12,3,10,Low,SELL,0.0,0.0
APOT,APOT,,2026-02-03,0,0,0,0,1.0,0,0,50,Neutral,0,0,0,Bearish,33,F,10,12,3,10,Low,SELL,0.0,0.0
ASHT,ASHT,,2026-02-03,0,0,1675,0,1675.0,0,0,50,Neutral,0,0,0,Bearish,33,F,10,12,3,10,Low,SELL,19.04,21.9
ASLCPS,ASLCPS,,2026-02-03,0,0,131,0,131.0,0,0,50,Neutral,0,0,0,Bearish,33,F,10,12,3,10,Low,SELL,83.0,96.71
ASLPS,ASLPS,,2026-02-03,0,0,5,0,5.0,0,0,50,Neutral,0,0,0,Bearish,33,F,10,12,3,10,Low,SELL,16.22,20.0
ASTM,ASTM,,2026-02-03,0,0,12291,0,12291.0,0,0,50,Neutral,0,0,0,Bearish,33,F,10,12,3,10,Low,SELL,18.2,20.2
ATBA,ATBA,,2026-02-03,0,0,12453,0,12453.0,0,0,50,Neutral,0,0,0,Bearish,33,F,10,12,3,10,Low,SELL,230.1,241.59
ATRL,ATRL,,2026-02-03,0,0,503419,0,503419.0,0,0,50,Neutral,0,0,0,Bearish,33,F,10,12,3,10,Low,SELL,845.0,949.0
AZMT,AZMT,,2026-02-03,0,0,0,0,1.0,0,0,50,Neutral,0,0,0,Bearish,33,F,10,12,3,10,Low,SELL,0.0,0.0
BATA,BATA,,2026-02-03,0,0,8452,0,8452.0,0,0,50,Neutral,0,0,0,Bearish,33,F,10,12,3,10,Low,SELL,1215.0,1278.85
BERG,BERG,,2026-02-03,0,0,1356097,0,1356097.0,0,0,50,Neutral,0,0,0,Bearish,33,F,10,12,3,10,Low,SELL,103.0,119.5
BHAT,BHAT,,2026-02-03,0,0,8,0,8.0,0,0,50,Neutral,0,0,0,Bearish,33,F,10,12,3,10,Low,SELL,910.0,981.0
BIIC,BIIC,,2026-02-03,0,0,0,0,1.0,0,0,50,Neutral,0,0,0,Bearish,33,F,10,12,3,10,Low,SELL,0.0,0.0
BPL,BPL,,2026-02-03,0,0,690,0,690.0,0,0,50,Neutral,0,0,0,Bearish,33,F,10,12,3,10,Low,SELL,30.51,32.25
CCM,CCM,,2026-02-03,0,0,222,0,222.0,0,0,50,Neutral,0,0,0,Bearish,33,F,10,12,3,10,Low,SELL,44.5,50.0
CJPL,CJPL,,2026-02-03,0,0,70275,0,70275.0,0,0,50,Neutral,0,0,0,Bearish,33,F,10,12,3,10,Low,SELL,13.72,15.81
CLCPS,CLCPS,,2026-02-03,0,0,1385594,0,1385594.0,0,0,50,Neutral,0,0,0,Bearish,33,F,10,12,3,10,Low,SELL,3.6,4.88
CPPL,CPPL,,2026-02-03,0,0,43405,0,43405.0,0,0,50,Neutral,0,0,0,Bearish,33,F,10,12,3,10,Low,SELL,93.01,99.9
CSILR3,CSILR3,,2026-02-03,0,0,4463960,0,4463960.0,0,0,50,Neutral,0,0,0,Bearish,33,F,10,12,3,10,Low,SELL,1.65,3.65
DBSL,DBSL,,2026-02-03,0,0,0,0,1.0,0,0,50,Neutral,0,0,0,Bearish,33,F,10,12,3,10,Low,SELL,0.0,0.0
DCTL,DCTL,,2026-02-03,0,0,0,0,1.0,0,0,50,Neutral,0,0,0,Bearish,33,F,10,12,3,10,Low,SELL,0.0,0.0
ECOP,ECOP,,2026-02-03,0,0,80086,0,80086.0,0,0,50,Neutral,0,0,0,Bearish,33,F,10,12,3,10,Low,SELL,54.0,58.8
ELCM,ELCM,,2026-02-03,0,0,78,0,78.0,0,0,50,Neutral,0,0,0,Bearish,33,F,10,12,3,10,Low,SELL,196.0,216.99
ELSM,ELSM,,2026-02-03,0,0,100,0,100.0,0,0,50,Neutral,0,0,0,Bearish,33,F,10,12,3,10,Low,SELL,108.6,116.71
EMCO,EMCO,,2026-02-03,0,0,13304,0,13304.0,0,0,50,Neutral,0,0,0,Bearish,33,F,10,12,3,10,Low,SELL,57.0,62.0
ENGL,ENGL,,2026-02-03,0,0,0,0,1.0,0,0,50,Neutral,0,0,0,Bearish,33,F,10,12,3,10,Low,SELL,0.0,0.0
EPCL,EPCL,,2026-02-03,0,0,560544,0,560544.0,0,0,50,Neutral,0,0,0,Bearish,33,F,10,12,3,10,Low,SELL,31.31,32.86
EPCLPS,EPCLPS,,2026-02-03,0,0,11,0,11.0,0,0,50,Neutral,0,0,0,Bearish,33,F,10,12,3,10,Low,SELL,10.75,12.49
EXIDE,EXIDE,,2026-02-03,0,0,4524,0,4524.0,0,0,50,Neutral,0,0,0,Bearish,33,F,10,12,3,10,Low,SELL,560.0,618.0
FAEL,FAEL,,2026-02-03,0,0,0,0,1.0,0,0,50,Neutral,0,0,0,Bearish,33,F,10,12,3,10,Low,SELL,0.0,0.0
FANM,FANM,,2026-02-03,0,0,16033,0,16033.0,0,0,50,Neutral,0,0,0,Bearish,33,F,10,12,3,10,Low,SELL,7.8,8.49
FCEPL,FCEPL,,2026-02-03,0,0,220578,0,220578.0,0,0,50,Neutral,0,0,0,Bearish,33,F,10,12,3,10,Low,SELL,85.14,88.3
FCL,FCL,,2026-02-03,0,0,3530176,0,3530176.0,0,0,50,Neutral,0,0,0,Bearish,33,F,10,12,3,10,Low,SELL,25.25,26.3
FCONM,FCONM,,2026-02-03,0,0,0,0,1.0,0,0,50,Neutral,0,0,0,Bearish,33,F,10,12,3,10,Low,SELL,0.0,0.0
FEM,FEM,,2026-02-03,0,0,13270,0,13270.0,0,0,50,Neutral,0,0,0,Bearish,33,F,10,12,3,10,Low,SELL,9.94,11.48
FEROZ,FEROZ,,2026-02-03,0,0,12910,0,12910.0,0,0,50,Neutral,0,0,0,Bearish,33,F,10,12,3,10,Low,SELL,402.0,439.0
FFL,FFL,,2026-02-03,0,0,3702887,0,3702887.0,0,0,50,Neutral,0,0,0,Bearish,33,F,10,12,3,10,Low,SELL,20.81,23.31
FHAM,FHAM,,2026-02-03,0,0,7172,0,7172.0,0,0,50,Neutral,0,0,0,Bearish,33,F,10,12,3,10,Low,SELL,33.92,34.4
FIM,FIM,,2026-02-03,0,0,0,0,1.0,0,0,50,Neutral,0,0,0,Bearish,33,F,10,12,3,10,Low,SELL,0.0,0.0
FIMM,FIMM,,2026-02-03,0,0,10,0,10.0,0,0,50,Neutral,0,0,0,Bearish,33,F,10,12,3,10,Low,SELL,238.01,249.99
FML,FML,,2026-02-03,0,0,97513,0,97513.0,0,0,50,Neutral,0,0,0,Bearish,33,F,10,12,3,10,Low,SELL,57.06,63.98
FNEL,FNEL,,2026-02-03,0,0,191182675,0,191182675.0,0,0,50,Neutral,0,0,0,Bearish,33,F,10,12,3,10,Low,SELL,1.6,18.39
FRCL,FRCL,,2026-02-03,0,0,250,0,250.0,0,0,50,Neutral,0,0,0,Bearish,33,F,10,12,3,10,Low,SELL,71.31,80.0
FTHM,FTHM,,2026-02-03,0,0,0,0,1.0,0,0,50,Neutral,0,0,0,Bearish,33,F,10,12,3,10,Low,SELL,0.0,0.0
FTSM,FTSM,,2026-02-03,0,0,88771,0,88771.0,0,0,50,Neutral,0,0,0,Bearish,33,F,10,12,3,10,Low,SELL,33.54,48.63
FZCM,FZCM,,2026-02-03,0,0,10694,0,10694.0,0,0,50,Neutral,0,0,0,Bearish,33,F,10,12,3,10,Low,SELL,227.0,259.7
GATM,GATM,,2026-02-03,0,0,374070,0,374070.0,0,0,50,Neutral,0,0,0,Bearish,33,F,10,12,3,10,Low,SELL,28.71,33.25
GCWL,GCWL,,2026-02-03,0,0,8707440,0,8707440.0,0,0,50,Neutral,0,0,0,Bearish,33,F,10,12,3,10,Low,SELL,19.6,22.2
GEMBCEM,GEMBCEM,,2026-02-03,0,0,200,0,200.0,0,0,50,Neutral,0,0,0,Bearish,33,F,10,12,3,10,Low,SELL,10.7,10.72
GEMPAPL,GEMPAPL,,2026-02-03,0,0,500,0,500.0,0,0,50,Neutral,0,0,0,Bearish,33,F,10,12,3,10,Low,SELL,12.0,12.0
GEMSPNL,GEMSPNL,,2026-02-03,0,0,96900,0,96900.0,0,0,50,Neutral,0,0,0,Bearish,33,F,10,12,3,10,Low,SELL,58.25,60.25
GIL,GIL,,2026-02-03,0,0,0,0,1.0,0,0,50,Neutral,0,0,0,Bearish,33,F,10,12,3,10,Low,SELL,1000.0,1000.0
GLOT,GLOT,,2026-02-03,0,0,0,0,1.0,0,0,50,Neutral,0,0,0,Bearish,33,F,10,12,3,10,Low,SELL,0.0,0.0
GUTM,GUTM,,2026-02-03,0,0,0,0,1.0,0,0,50,Neutral,0,0,0,Bearish,33,F,10,12,3,10,Low,SELL,0.0,0.0
HAEL,HAEL,,2026-02-03,0,0,690,0,690.0,0,0,50,Neutral,0,0,0,Bearish,33,F,10,12,3,10,Low,SELL,21.5,22.33
HAJT,HAJT,,2026-02-03,0,0,0,0,1.0,0,0,50,Neutral,0,0,0,Bearish,33,F,10,12,3,10,Low,SELL,0.0,0.0
HATM,HATM,,2026-02-03,0,0,0,0,1.0,0,0,50,Neutral,0,0,0,Bearish,33,F,10,12,3,10,Low,SELL,0.0,0.0
HBLTETF,HBLTETF,,2026-02-03,0,0,47300,0,47300.0,0,0,50,Neutral,0,0,0,Bearish,33,F,10,12,3,10,Low,SELL,101.19,110.9
HCAR,HCAR,,2026-02-03,0,0,200896,0,200896.0,0,0,50,Neutral,0,0,0,Bearish,33,F,10,12,3,10,Low,SELL,231.0,265.5
HINO,HINO,,2026-02-03,0,0,3282,0,3282.0,0,0,50,Neutral,0,0,0,Bearish,33,F,10,12,3,10,Low,SELL,418.0,485.0
HKKT,HKKT,,2026-02-03,0,0,0,0,1.0,0,0,50,Neutral,0,0,0,Bearish,33,F,10,12,3,10,Low,SELL,0.0,0.0
IBFL,IBFL,,2026-02-03,0,0,603,0,603.0,0,0,50,Neutral,0,0,0,Bearish,33,F,10,12,3,10,Low,SELL,251.0,260.5
IBLHL,IBLHL,,2026-02-03,0,0,200690,0,200690.0,0,0,50,Neutral,0,0,0,Bearish,33,F,10,12,3,10,Low,SELL,56.1,62.0
ICL,ICL,,2026-02-03,0,0,155589,0,155589.0,0,0,50,Neutral,0,0,0,Bearish,33,F,10,12,3,10,Low,SELL,155.0,165.0
IGIL,IGIL,,2026-02-03,0,0,1510,0,1510.0,0,0,50,Neutral,0,0,0,Bearish,33,F,10,12,3,10,Low,SELL,23.51,25.5
ILP,ILP,,2026-02-03,0,0,1388552,0,1388552.0,0,0,50,Neutral,0,0,0,Bearish,33,F,10,12,3,10,Low,SELL,78.25,87.0
INIL,INIL,,2026-02-03,0,0,33334,0,33334.0,0,0,50,Neutral,0,0,0,Bearish,33,F,10,12,3,10,Low,SELL,175.22,189.0
INKL,INKL,,2026-02-03,0,0,678,0,678.0,0,0,50,Neutral,0,0,0,Bearish,33,F,10,12,3,10,Low,SELL,82.85,98.67
INMF,INMF,,2026-02-03,0,0,0,0,1.0,0,0,50,Neutral,0,0,0,Bearish,33,F,10,12,3,10,Low,SELL,0.0,0.0
ISL,ISL,,2026-02-03,0,0,260497,0,260497.0,0,0,50,Neutral,0,0,0,Bearish,33,F,10,12,3,10,Low,SELL,103.0,111.0
JKSM,JKSM,,2026-02-03,0,0,259,0,259.0,0,0,50,Neutral,0,0,0,Bearish,33,F,10,12,3,10,Low,SELL,160.11,168.0
JSBL,JSBL,,2026-02-03,0,0,76234,0,76234.0,0,0,50,Neutral,0,0,0,Bearish,33,F,10,12,3,10,Low,SELL,17.0,18.0
JSCLPSA,JSCLPSA,,2026-02-03,0,0,10000,0,10000.0,0,0,50,Neutral,0,0,0,Bearish,33,F,10,12,3,10,Low,SELL,10.16,10.16
JSGBETF,JSGBETF,,2026-02-03,0,0,40000,0,40000.0,0,0,50,Neutral,0,0,0,Bearish,33,F,10,12,3,10,Low,SELL,48.36,49.9
JSML,JSML,,2026-02-03,0,0,25163,0,25163.0,0,0,50,Neutral,0,0,0,Bearish,33,F,10,12,3,10,Low,SELL,71.0,79.48
JVDCPS,JVDCPS,,2026-02-03,0,0,204,0,204.0,0,0,50,Neutral,0,0,0,Bearish,33,F,10,12,3,10,Low,SELL,35.26,51.91
KAKL,KAKL,,2026-02-03,0,0,0,0,1.0,0,0,50,Neutral,0,0,0,Bearish,33,F,10,12,3,10,Low,SELL,0.0,0.0
KEL,KEL,,2026-02-03,0,0,22915886,0,22915886.0,0,0,50,Neutral,0,0,0,Bearish,33,F,10,12,3,10,Low,SELL,6.96,7.37
KHTC,KHTC,,2026-02-03,0,0,752,0,752.0,0,0,50,Neutral,0,0,0,Bearish,33,F,10,12,3,10,Low,SELL,365.01,384.0
KML,KML,,2026-02-03,0,0,57342,0,57342.0,0,0,50,Neutral,0,0,0,Bearish,33,F,10,12,3,10,Low,SELL,12.17,13.8
KPUS,KPUS,,2026-02-03,0,0,1957,0,1957.0,0,0,50,Neutral,0,0,0,Bearish,33,F,10,12,3,10,Low,SELL,145.0,183.95
KSBP,KSBP,,2026-02-03,0,0,20481,0,20481.0,0,0,50,Neutral,0,0,0,Bearish,33,F,10,12,3,10,Low,SELL,186.0,197.0
KTML,KTML,,2026-02-03,0,0,175173,0,175173.0,0,0,50,Neutral,0,0,0,Bearish,33,F,10,12,3,10,Low,SELL,60.0,66.4
LOTCHEM,LOTCHEM,,2026-02-03,0,0,539237,0,539237.0,0,0,50,Neutral,0,0,0,Bearish,33,F,10,12,3,10,Low,SELL,24.12,33.65
LPGL,LPGL,,2026-02-03,0,0,1010,0,1010.0,0,0,50,Neutral,0,0,0,Bearish,33,F,10,12,3,10,Low,SELL,86.5,103.0
LPL,LPL,,2026-02-03,0,0,92324,0,92324.0,0,0,50,Neutral,0,0,0,Bearish,33,F,10,12,3,10,Low,SELL,23.56,24.24
LSEVLR,LSEVLR,,2026-02-03,0,0,4361652,0,4361652.0,0,0,50,Neutral,0,0,0,Bearish,33,F,10,12,3,10,Low,SELL,1.53,2.02
MACFL,MACFL,,2026-02-03,0,0,2530136,0,2530136.0,0,0,50,Neutral,0,0,0,Bearish,33,F,10,12,3,10,Low,SELL,30.65,41.5
MEHT,MEHT,,2026-02-03,0,0,234,0,234.0,0,0,50,Neutral,0,0,0,Bearish,33,F,10,12,3,10,Low,SELL,273.08,305.95
MFL,MFL,,2026-02-03,0,0,295202,0,295202.0,0,0,50,Neutral,0,0,0,Bearish,33,F,10,12,3,10,Low,SELL,61.5,74.0
MFTM,MFTM,,2026-02-03,0,0,22000,0,22000.0,0,0,50,Neutral,0,0,0,Bearish,33,F,10,12,3,10,Low,SELL,3.4,3.51
MIIETF,MIIETF,,2026-02-03,0,0,1110000,0,1110000.0,0,0,50,Neutral,0,0,0,Bearish,33,F,10,12,3,10,Low,SELL,18.14,18.96
MOHE,MOHE,,2026-02-03,0,0,0,0,1.0,0,0,50,Neutral,0,0,0,Bearish,33,F,10,12,3,10,Low,SELL,0.0,0.0
MSOTPS,MSOTPS,,2026-02-03,0,0,0,0,1.0,0,0,50,Neutral,0,0,0,Bearish,33,F,10,12,3,10,Low,SELL,11.26,11.26
MUGHALC,MUGHALC,,2026-02-03,0,0,2003,0,2003.0,0,0,50,Neutral,0,0,0,Bearish,33,F,10,12,3,10,Low,SELL,60.0,62.31
MZNPETF,MZNPETF,,2026-02-03,0,0,682000,0,682000.0,0,0,50,Neutral,0,0,0,Bearish,33,F,10,12,3,10,Low,SELL,21.82,23.01
NAFL,NAFL,,2026-02-03,0,0,0,0,1.0,0,0,50,Neutral,0,0,0,Bearish,33,F,10,12,3,10,Low,SELL,0.0,0.0
NAGC,NAGC,,2026-02-03,0,0,1050,0,1050.0,0,0,50,Neutral,0,0,0,Bearish,33,F,10,12,3,10,Low,SELL,65.27,71.68
NBP,NBP,,2026-02-03,0,0,3810407,0,3810407.0,0,0,50,Neutral,0,0,0,Bearish,33,F,10,12,3,10,Low,SELL,266.25,279.5
NBPGETF,NBPGETF,,2026-02-03,0,0,41500,0,41500.0,0,0,50,Neutral,0,0,0,Bearish,33,F,10,12,3,10,Low,SELL,33.04,35.94
NICL,NICL,,2026-02-03,0,0,1063,0,1063.0,0,0,50,Neutral,0,0,0,Bearish,33,F,10,12,3,10,Low,SELL,220.5,227.99
NINA,NINA,,2026-02-03,0,0,0,0,1.0,0,0,50,Neutral,0,0,0,Bearish,33,F,10,12,3,10,Low,SELL,0.0,0.0
NITGETF,NITGETF,,2026-02-03,0,0,9000,0,9000.0,0,0,50,Neutral,0,0,0,Bearish,33,F,10,12,3,10,Low,SELL,39.26,41.99
NMFL,NMFL,,2026-02-03,0,0,0,0,1.0,0,0,50,Neutral,0,0,0,Bearish,33,F,10,12,3,10,Low,SELL,0.0,0.0
NML,NML,,2026-02-03,0,0,4665417,0,4665417.0,0,0,50,Neutral,0,0,0,Bearish,33,F,10,12,3,10,Low,SELL,185.8,204.5
NRSL,NRSL,,2026-02-03,0,0,11715,0,11715.0,0,0,50,Neutral,0,0,0,Bearish,33,F,10,12,3,10,Low,SELL,29.65,32.14
NSRM,NSRM,,2026-02-03,0,0,2,0,2.0,0,0,50,Neutral,0,0,0,Bearish,33,F,10,12,3,10,Low,SELL,127.5,153.99
OTSU,OTSU,,2026-02-03,0,0,14898,0,14898.0,0,0,50,Neutral,0,0,0,Bearish,33,F,10,12,3,10,Low,SELL,359.0,375.0
PAEL,PAEL,,2026-02-03,0,0,1525044,0,1525044.0,0,0,50,Neutral,0,0,0,Bearish,33,F,10,12,3,10,Low,SELL,55.9,61.91
PAKQATAR,PAKQATAR,,2026-02-03,0,0,529504,0,529504.0,0,0,50,Neutral,0,0,0,Bearish,33,F,10,12,3,10,Low,SELL,21.55,24.05
PECO,PECO,,2026-02-03,0,0,426,0,426.0,0,0,50,Neutral,0,0,0,Bearish,33,F,10,12,3,10,Low,SELL,524.91,590.0
PIAHCLA,PIAHCLA,,2026-02-03,0,0,20455867,0,20455867.0,0,0,50,Neutral,0,0,0,Bearish,33,F,10,12,3,10,Low,SELL,26.75,30.29
PICL,PICL,,2026-02-03,0,0,0,0,1.0,0,0,50,Neutral,0,0,0,Bearish,33,F,10,12,3,10,Low,SELL,0.0,0.0
PIM,PIM,,2026-02-03,0,0,2,0,2.0,0,0,50,Neutral,0,0,0,Bearish,33,F,10,12,3,10,Low,SELL,19.5,21.94
POWER,POWER,,2026-02-03,0,0,3988365,0,3988365.0,0,0,50,Neutral,0,0,0,Bearish,33,F,10,12,3,10,Low,SELL,19.71,21.42
POWERPS,POWERPS,,2026-02-03,0,0,1643,0,1643.0,0,0,50,Neutral,0,0,0,Bearish,33,F,10,12,3,10,Low,SELL,22.0,28.44
PRET,PRET,,2026-02-03,0,0,101,0,101.0,0,0,50,Neutral,0,0,0,Bearish,33,F,10,12,3,10,Low,SELL,434.09,494.98
PRIB,PRIB,,2026-02-03,0,0,0,0,1.0,0,0,50,Neutral,0,0,0,Bearish,33,F,10,12,3,10,Low,SELL,0.0,0.0
PRIC,PRIC,,2026-02-03,0,0,0,0,1.0,0,0,50,Neutral,0,0,0,Bearish,33,F,10,12,3,10,Low,SELL,0.0,0.0
PRL,PRL,,2026-02-03,0,0,10031498,0,10031498.0,0,0,50,Neutral,0,0,0,Bearish,33,F,10,12,3,10,Low,SELL,36.65,39.45
PSYL,PSYL,,2026-02-03,0,0,100,0,100.0,0,0,50,Neutral,0,0,0,Bearish,33,F,10,12,3,10,Low,SELL,75.0,81.4
PTC,PTC,,2026-02-03,0,0,7939752,0,7939752.0,0,0,50,Neutral,0,0,0,Bearish,33,F,10,12,3,10,Low,SELL,60.99,65.37
PTL,PTL,,2026-02-03,0,0,58094,0,58094.0,0,0,50,Neutral,0,0,0,Bearish,33,F,10,12,3,10,Low,SELL,60.1,63.11
PUDF,PUDF,,2026-02-03,0,0,0,0,1.0,0,0,50,Neutral,0,0,0,Bearish,33,F,10,12,3,10,Low,SELL,0.0,0.0
REGAL,REGAL,,2026-02-03,0,0,0,0,1.0,0,0,50,Neutral,0,0,0,Bearish,33,F,10,12,3,10,Low,SELL,0.0,0.0
REWM,REWM,,2026-02-03,0,0,2019,0,2019.0,0,0,50,Neutral,0,0,0,Bearish,33,F,10,12,3,10,Low,SELL,171.02,244.05
RPL,RPL,,2026-02-03,0,0,90499,0,90499.0,0,0,50,Neutral,0,0,0,Bearish,33,F,10,12,3,10,Low,SELL,18.0,18.98
SANSM,SANSM,,2026-02-03,0,0,819,0,819.0,0,0,50,Neutral,0,0,0,Bearish,33,F,10,12,3,10,Low,SELL,83.0,102.5
SAPT,SAPT,,2026-02-03,0,0,217,0,217.0,0,0,50,Neutral,0,0,0,Bearish,33,F,10,12,3,10,Low,SELL,1304.0,1385.52
SASML,SASML,,2026-02-03,0,0,2,0,2.0,0,0,50,Neutral,0,0,0,Bearish,33,F,10,12,3,10,Low,SELL,211.5,244.0
SBL,SBL,,2026-02-03,0,0,1045907,0,1045907.0,0,0,50,Neutral,0,0,0,Bearish,33,F,10,12,3,10,Low,SELL,13.55,15.4
SCHT,SCHT,,2026-02-03,0,0,0,0,1.0,0,0,50,Neutral,0,0,0,Bearish,33,F,10,12,3,10,Low,SELL,0.0,0.0
SDOT,SDOT,,2026-02-03,0,0,0,0,1.0,0,0,50,Neutral,0,0,0,Bearish,33,F,10,12,3,10,Low,SELL,0.0,0.0
SEARL,SEARL,,2026-02-03,0,0,553392,0,553392.0,0,0,50,Neutral,0,0,0,Bearish,33,F,10,12,3,10,Low,SELL,118.1,126.58
SGABL,SGABL,,2026-02-03,0,0,0,0,1.0,0,0,50,Neutral,0,0,0,Bearish,33,F,10,12,3,10,Low,SELL,0.0,0.0
SHSML,SHSML,,2026-02-03,0,0,420,0,420.0,0,0,50,Neutral,0,0,0,Bearish,33,F,10,12,3,10,Low,SELL,372.1,424.5
SINDM,SINDM,,2026-02-03,0,0,18896,0,18896.0,0,0,50,Neutral,0,0,0,Bearish,33,F,10,12,3,10,Low,SELL,26.75,32.47
SITC,SITC,,2026-02-03,0,0,1369,0,1369.0,0,0,50,Neutral,0,0,0,Bearish,33,F,10,12,3,10,Low,SELL,855.0,900.0
SLCPA,SLCPA,,2026-02-03,0,0,0,0,1.0,0,0,50,Neutral,0,0,0,Bearish,33,F,10,12,3,10,Low,SELL,0.0,0.0
SLL,SLL,,2026-02-03,0,0,232928,0,232928.0,0,0,50,Neutral,0,0,0,Bearish,33,F,10,12,3,10,Low,SELL,1.6,2.29
SNAI,SNAI,,2026-02-03,0,0,44,0,44.0,0,0,50,Neutral,0,0,0,Bearish,33,F,10,12,3,10,Low,SELL,36.0,38.49
SSGC,SSGC,,2026-02-03,0,0,4537136,0,4537136.0,0,0,50,Neutral,0,0,0,Bearish,33,F,10,12,3,10,Low,SELL,32.01,35.4
SURAJ,SURAJ,,2026-02-03,0,0,0,0,1.0,0,0,50,Neutral,0,0,0,Bearish,33,F,10,12,3,10,Low,SELL,0.0,0.0
SUTM,SUTM,,2026-02-03,0,0,2229,0,2229.0,0,0,50,Neutral,0,0,0,Bearish,33,F,10,12,3,10,Low,SELL,130.76,143.97
SWL,SWL,,2026-02-03,0,0,0,0,1.0,0,0,50,Neutral,0,0,0,Bearish,33,F,10,12,3,10,Low,SELL,0.0,0.0
TAJT,TAJT,,2026-02-03,0,0,0,0,1.0,0,0,50,Neutral,0,0,0,Bearish,33,F,10,12,3,10,Low,SELL,0.0,0.0
TBL,TBL,,2026-02-03,0,0,2157425,0,2157425.0,0,0,50,Neutral,0,0,0,Bearish,33,F,10,12,3,10,Low,SELL,12.0,13.45
TCORP,TCORP,,2026-02-03,0,0,172744,0,172744.0,0,0,50,Neutral,0,0,0,Bearish,33,F,10,12,3,10,Low,SELL,18.5,21.0
TCORPCPS,TCORPCPS,,2026-02-03,0,0,37409,0,37409.0,0,0,50,Neutral,0,0,0,Bearish,33,F,10,12,3,10,Low,SELL,9.09,11.85
TELE,TELE,,2026-02-03,0,0,2190620,0,2190620.0,0,0,50,Neutral,0,0,0,Bearish,33,F,10,12,3,10,Low,SELL,11.2,12.36
TOMCL,TOMCL,,2026-02-03,0,0,2256444,0,2256444.0,0,0,50,Neutral,0,0,0,Bearish,33,F,10,12,3,10,Low,SELL,48.5,52.8
TOWL,TOWL,,2026-02-03,0,0,100449,0,100449.0,0,0,50,Neutral,0,0,0,Bearish,33,F,10,12,3,10,Low,SELL,161.1,183.0
TPLI,TPLI,,2026-02-03,0,0,102715,0,102715.0,0,0,50,Neutral,0,0,0,Bearish,33,F,10,12,3,10,Low,SELL,19.22,23.49
TRSM,TRSM,,2026-02-03,0,0,1135660,0,1135660.0,0,0,50,Neutral,0,0,0,Bearish,33,F,10,12,3,10,Low,SELL,15.0,18.1
TSML,TSML,,2026-02-03,0,0,256,0,256.0,0,0,50,Neutral,0,0,0,Bearish,33,F,10,12,3,10,Low,SELL,183.15,214.0
UBLPETF,UBLPETF,,2026-02-03,0,0,193500,0,193500.0,0,0,50,Neutral,0,0,0,Bearish,33,F,10,12,3,10,Low,SELL,39.0,44.95
UCAPM,UCAPM,,2026-02-03,0,0,73531,0,73531.0,0,0,50,Neutral,0,0,0,Bearish,33,F,10,12,3,10,Low,SELL,6.2,6.89
UDLI,UDLI,,2026-02-03,0,0,21698,0,21698.0,0,0,50,Neutral,0,0,0,Bearish,33,F,10,12,3,10,Low,SELL,18.01,19.8
USMT,USMT,,2026-02-03,0,0,0,0,1.0,0,0,50,Neutral,0,0,0,Bearish,33,F,10,12,3,10,Low,SELL,0.0,0.0
WAFI,WAFI,,2026-02-03,0,0,38712,0,38712.0,0,0,50,Neutral,0,0,0,Bearish,33,F,10,12,3,10,Low,SELL,239.39,248.6
WAVESAPP,WAVESAPP,,2026-02-03,0,0,2606324,0,2606324.0,0,0,50,Neutral,0,0,0,Bearish,33,F,10,12,3,10,Low,SELL,10.21,11.23
ZELP,ZELP,,2026-02-03,0,0,0,0,1.0,0,0,50,Neutral,0,0,0,Bearish,33,F,10,12,3,10,Low,SELL,0.0,0.0
ZIL,ZIL,,2026-02-03,0,0,50,0,50.0,0,0,50,Neutral,0,0,0,Bearish,33,F,10,12,3,10,Low,SELL,530.0,589.95
ZTL,ZTL,,2026-02-03,0,0,1020,0,1020.0,0,0,50,Neutral,0,0,0,Bearish,33,F,10,12,3,10,Low,SELL,14.51,15.0
SRR,SRR,,2026-02-03,0,0,442788,0,442788.0,0,0,50,Neutral,0,0,0,Bearish,33,F,10,12,3,10,Low,SELL,15.81,18.0
TEST_AUTO_REG_99,TEST_AUTO_REG_99,,2026-02-03,0,0,0,0,1.0,0,0,50,Neutral,0,0,0,Bearish,33,F,10,12,3,10,Low,SELL,0.0,0.0
BYCO,BYCO,,2026-02-03,0,0,13936500,0,13936500.0,0,0,50,Neutral,0,0,0,Bearish,33,F,10,12,3,10,Low,SELL,6.06,6.35
SHEL,SHEL,,2026-02-03,0,0,37395,0,37395.0,0,0,50,Neutral,0,0,0,Bearish,33,F,10,12,3,10,Low,SELL,184.0,189.99
BAPL,BAPL,,2026-02-03,0,0,14367,0,14367.0,0,0,50,Neutral,0,0,0,Bearish,31,F,10,8,5,10,Low,SELL,42.55,44.99
BFMOD,BFMOD,,2026-02-03,0,0,8825,0,8825.0,0,0,50,Neutral,0,0,0,Bearish,31,F,10,8,5,10,Low,SELL,24.01,27.67
DNCC,DNCC,,2026-02-03,0,0,81778,0,81778.0,0,0,50,Neutral,0,0,0,Bearish,31,F,10,8,5,10,Low,SELL,19.12,21.98
FECM,FECM,,2026-02-03,0,0,31547,0,31547.0,0,0,50,Neutral,0,0,0,Bearish,31,F,10,8,5,10,Low,SELL,18.85,22.39
FPRM,FPRM,,2026-02-03,0,0,36906,0,36906.0,0,0,50,Neutral,0,0,0,Bearish,31,F,10,8,5,10,Low,SELL,12.41,13.65
HASCOL,HASCOL,,2026-02-03,0,0,5442853,0,5442853.0,0,0,50,Neutral,0,0,0,Bearish,31,F,10,8,5,10,Low,SELL,24.51,27.9
KOIL,KOIL,,2026-02-03,0,0,956521,0,956521.0,0,0,50,Neutral,0,0,0,Bearish,31,F,10,8,5,10,Low,SELL,56.75,76.0
MDTL,MDTL,,2026-02-03,0,0,1830941,0,1830941.0,0,0,50,Neutral,0,0,0,Bearish,31,F,10,8,5,10,Low,SELL,6.51,7.85
MUGHAL,MUGHAL,,2026-02-03,0,0,1569482,0,1569482.0,0,0,50,Neutral,0,0,0,Bearish,31,F,10,12,1,10,Low,SELL,93.02,102.0
WAVES,WAVES,,2026-02-03,0,0,3076464,0,3076464.0,0,0,50,Neutral,0,0,0,Bearish,31,F,10,8,5,10,Low,SELL,14.6,16.17
ALTN,ALTN,,2026-02-03,0,0,295907,0,295907.0,0,0,50,Neutral,0,0,0,Bearish,30,F,10,8,4,10,Low,SELL,11.0,11.27
BGL,BGL,,2026-02-03,0,0,659873,0,659873.0,0,0,50,Neutral,0,0,0,Bearish,30,F,10,8,4,10,Low,SELL,14.62,15.55
NPL,NPL,,2026-02-03,0,0,7253832,0,7253832.0,0,0,50,Neutral,0,0,0,Bearish,30,F,10,8,4,10,Low,SELL,84.01,100.45
PKGS,PKGS,,2026-02-03,0,0,3003,0,3003.0,0,0,50,Neutral,0,0,0,Bearish,30,F,10,8,4,10,Low,SELL,820.0,849.97
RUBY,RUBY,,2026-02-03,0,0,5,0,5.0,0,0,50,Neutral,0,0,0,Bearish,30,F,10,8,4,10,Low,SELL,11.88,13.09
SHCM,SHCM,,2026-02-03,0,0,709,0,709.0,0,0,50,Neutral,0,0,0,Bearish,30,F,10,8,4,10,Low,SELL,50.02,58.93
TPL,TPL,,2026-02-03,0,0,534530,0,534530.0,0,0,50,Neutral,0,0,0,Bearish,30,F,10,8,4,10,Low,SELL,9.19,10.05
AASM,AASM,,2026-02-03,0,0,14500,0,14500.0,0,0,50,Neutral,0,0,0,Bearish,29,F,10,8,3,10,Low,SELL,3.0,3.5
ADMM,ADMM,,2026-02-03,0,0,153597,0,153597.0,0,0,50,Neutral,0,0,0,Bearish,29,F,10,8,3,10,Low,SELL,59.0,62.8
AGHA,AGHA,,2026-02-03,0,0,2509086,0,2509086.0,0,0,50,Neutral,0,0,0,Bearish,29,F,10,8,3,10,Low,SELL,8.11,8.83
AGSML,AGSML,,2026-02-03,0,0,140278,0,140278.0,0,0,50,Neutral,0,0,0,Bearish,29,F,10,8,3,10,Low,SELL,9.81,11.14
AKDHL,AKDHL,,2026-02-03,0,0,1044,0,1044.0,0,0,50,Neutral,0,0,0,Bearish,29,F,10,8,3,10,Low,SELL,175.48,198.48
AMTEX,AMTEX,,2026-02-03,0,0,172454,0,172454.0,0,0,50,Neutral,0,0,0,Bearish,29,F,10,8,3,10,Low,SELL,4.4,4.96
ANSM,ANSM,,2026-02-03,0,0,15857,0,15857.0,0,0,50,Neutral,0,0,0,Bearish,29,F,10,8,3,10,Low,SELL,13.41,14.89
ANTM,ANTM,,2026-02-03,0,0,120,0,120.0,0,0,50,Neutral,0,0,0,Bearish,29,F,10,8,3,10,Low,SELL,27.76,32.04
ARPAK,ARPAK,,2026-02-03,0,0,30,0,30.0,0,0,50,Neutral,0,0,0,Bearish,29,F,10,8,3,10,Low,SELL,58.01,72.0
ARUJ,ARUJ,,2026-02-03,0,0,24012,0,24012.0,0,0,50,Neutral,0,0,0,Bearish,29,F,10,8,3,10,Low,SELL,11.1,12.45
ASL,ASL,,2026-02-03,0,0,1718550,0,1718550.0,0,0,50,Neutral,0,0,0,Bearish,29,F,10,8,3,10,Low,SELL,13.25,14.2
ASTL,ASTL,,2026-02-03,0,0,808339,0,808339.0,0,0,50,Neutral,0,0,0,Bearish,29,F,10,8,3,10,Low,SELL,22.03,23.5
AWTX,AWTX,,2026-02-03,0,0,11,0,11.0,0,0,50,Neutral,0,0,0,Bearish,29,F,10,8,3,10,Low,SELL,1270.0,1550.52
BCL,BCL,,2026-02-03,0,0,16233,0,16233.0,0,0,50,Neutral,0,0,0,Bearish,29,F,10,8,3,10,Low,SELL,87.04,93.58
BELA,BELA,,2026-02-03,0,0,2707,0,2707.0,0,0,50,Neutral,0,0,0,Bearish,29,F,10,8,3,10,Low,SELL,80.0,98.36
BLUEX,BLUEX,,2026-02-03,0,0,50497,0,50497.0,0,0,50,Neutral,0,0,0,Bearish,29,F,10,8,3,10,Low,SELL,64.0,73.73
BML,BML,,2026-02-03,0,0,4486775,0,4486775.0,0,0,50,Neutral,0,0,0,Bearish,29,F,10,8,3,10,Low,SELL,4.68,91.5
BNWM,BNWM,,2026-02-03,0,0,1037,0,1037.0,0,0,50,Neutral,0,0,0,Bearish,29,F,10,8,3,10,Low,SELL,60.15,69.05
BTL,BTL,,2026-02-03,0,0,1323,0,1323.0,0,0,50,Neutral,0,0,0,Bearish,29,F,10,8,3,10,Low,SELL,345.0,613.42
BUXL,BUXL,,2026-02-03,0,0,8887,0,8887.0,0,0,50,Neutral,0,0,0,Bearish,29,F,10,8,3,10,Low,SELL,161.0,178.0
CEPB,CEPB,,2026-02-03,0,0,865549,0,865549.0,0,0,50,Neutral,0,0,0,Bearish,29,F,10,8,3,10,Low,SELL,40.0,45.29
CFL,CFL,,2026-02-03,0,0,162,0,162.0,0,0,50,Neutral,0,0,0,Bearish,29,F,10,8,3,10,Low,SELL,50.5,60.04
CHBL,CHBL,,2026-02-03,0,0,430974,0,430974.0,0,0,50,Neutral,0,0,0,Bearish,29,F,10,8,3,10,Low,SELL,11.81,12.9
CLVL,CLVL,,2026-02-03,0,0,8169,0,8169.0,0,0,50,Neutral,0,0,0,Bearish,29,F,10,8,3,10,Low,SELL,14.7,17.89
CNERGY,CNERGY,,2026-02-03,0,0,9776790,0,9776790.0,0,0,50,Neutral,0,0,0,Bearish,29,F,10,8,3,10,Low,SELL,7.53,8.19
CRTM,CRTM,,2026-02-03,0,0,74632,0,74632.0,0,0,50,Neutral,0,0,0,Bearish,29,F,10,8,3,10,Low,SELL,23.5,25.25
CTM,CTM,,2026-02-03,0,0,146154,0,146154.0,0,0,50,Neutral,0,0,0,Bearish,29,F,10,8,3,10,Low,SELL,7.36,8.15
DAAG,DAAG,,2026-02-03,0,0,602,0,602.0,0,0,50,Neutral,0,0,0,Bearish,29,F,10,8,3,10,Low,SELL,80.04,89.0
DADX,DADX,,2026-02-03,0,0,2433,0,2433.0,0,0,50,Neutral,0,0,0,Bearish,29,F,10,8,3,10,Low,SELL,57.01,60.48
DBCI,DBCI,,2026-02-03,0,0,181552,0,181552.0,0,0,50,Neutral,0,0,0,Bearish,29,F,10,8,3,10,Low,SELL,7.0,7.45
DCL,DCL,,2026-02-03,0,0,2040161,0,2040161.0,0,0,50,Neutral,0,0,0,Bearish,29,F,10,8,3,10,Low,SELL,11.9,13.42
DFML,DFML,,2026-02-03,0,0,673123,0,673123.0,0,0,50,Neutral,0,0,0,Bearish,29,F,10,8,3,10,Low,SELL,23.8,27.82
DFSM,DFSM,,2026-02-03,0,0,585170,0,585170.0,0,0,50,Neutral,0,0,0,Bearish,29,F,10,8,3,10,Low,SELL,5.84,6.9
DHPL,DHPL,,2026-02-03,0,0,305416,0,305416.0,0,0,50,Neutral,0,0,0,Bearish,29,F,10,8,3,10,Low,SELL,31.0,33.75
DIIL,DIIL,,2026-02-03,0,0,1205,0,1205.0,0,0,50,Neutral,0,0,0,Bearish,29,F,10,8,3,10,Low,SELL,63.5,77.3
DINT,DINT,,2026-02-03,0,0,140,0,140.0,0,0,50,Neutral,0,0,0,Bearish,29,F,10,8,3,10,Low,SELL,56.04,68.98
DKTM,DKTM,,2026-02-03,0,0,2000,0,2000.0,0,0,50,Neutral,0,0,0,Bearish,29,F,10,8,3,10,Low,SELL,0.81,1.01
DLL,DLL,,2026-02-03,0,0,1901,0,1901.0,0,0,50,Neutral,0,0,0,Bearish,29,F,10,8,3,10,Low,SELL,640.0,666.99
DMTM,DMTM,,2026-02-03,0,0,4459,0,4459.0,0,0,50,Neutral,0,0,0,Bearish,29,F,10,8,3,10,Low,SELL,8.32,9.24
DSFL,DSFL,,2026-02-03,0,0,4434000,0,4434000.0,0,0,50,Neutral,0,0,0,Bearish,29,F,10,8,3,10,Low,SELL,0.73,0.99
DSL,DSL,,2026-02-03,0,0,344169,0,344169.0,0,0,50,Neutral,0,0,0,Bearish,29,F,10,8,3,10,Low,SELL,7.64,8.09
DWAE,DWAE,,2026-02-03,0,0,4691,0,4691.0,0,0,50,Neutral,0,0,0,Bearish,29,F,10,8,3,10,Low,SELL,25.8,32.0
DWSM,DWSM,,2026-02-03,0,0,36107,0,36107.0,0,0,50,Neutral,0,0,0,Bearish,29,F,10,8,3,10,Low,SELL,7.02,7.8
DWTM,DWTM,,2026-02-03,0,0,7201,0,7201.0,0,0,50,Neutral,0,0,0,Bearish,29,F,10,8,3,10,Low,SELL,6.7,7.84
ESBL,ESBL,,2026-02-03,0,0,1343953,0,1343953.0,0,0,50,Neutral,0,0,0,Bearish,29,F,10,8,3,10,Low,SELL,21.9,30.3
FASM,FASM,,2026-02-03,0,0,1795,0,1795.0,0,0,50,Neutral,0,0,0,Bearish,29,F,10,8,3,10,Low,SELL,279.26,349.8
FFLM,FFLM,,2026-02-03,0,0,66767,0,66767.0,0,0,50,Neutral,0,0,0,Bearish,29,F,10,8,3,10,Low,SELL,8.4,9.55
FIBLM,FIBLM,,2026-02-03,0,0,1801274,0,1801274.0,0,0,50,Neutral,0,0,0,Bearish,29,F,10,8,3,10,Low,SELL,14.74,20.02
FNBM,FNBM,,2026-02-03,0,0,384000,0,384000.0,0,0,50,Neutral,0,0,0,Bearish,29,F,10,8,3,10,Low,SELL,0.6,0.7
FPJM,FPJM,,2026-02-03,0,0,69996,0,69996.0,0,0,50,Neutral,0,0,0,Bearish,29,F,10,8,3,10,Low,SELL,7.77,9.08
FSWL,FSWL,,2026-02-03,0,0,20,0,20.0,0,0,50,Neutral,0,0,0,Bearish,29,F,10,8,3,10,Low,SELL,95.0,111.0
FTMM,FTMM,,2026-02-03,0,0,264,0,264.0,0,0,50,Neutral,0,0,0,Bearish,29,F,10,8,3,10,Low,SELL,18.07,18.91
GAMON,GAMON,,2026-02-03,0,0,33103,0,33103.0,0,0,50,Neutral,0,0,0,Bearish,29,F,10,8,3,10,Low,SELL,20.01,21.89
GATI,GATI,,2026-02-03,0,0,21417,0,21417.0,0,0,50,Neutral,0,0,0,Bearish,29,F,10,8,3,10,Low,SELL,102.02,114.69
GEMMEL,GEMMEL,,2026-02-03,0,0,2805,0,2805.0,0,0,50,Neutral,0,0,0,Bearish,29,F,10,8,3,10,Low,SELL,26.51,27.51
GFIL,GFIL,,2026-02-03,0,0,9412,0,9412.0,0,0,50,Neutral,0,0,0,Bearish,29,F,10,8,3,10,Low,SELL,21.0,23.95
GLPL,GLPL,,2026-02-03,0,0,32611,0,32611.0,0,0,50,Neutral,0,0,0,Bearish,29,F,10,8,3,10,Low,SELL,405.0,617.84
GSPM,GSPM,,2026-02-03,0,0,2924,0,2924.0,0,0,50,Neutral,0,0,0,Bearish,29,F,10,8,3,10,Low,SELL,4.5,5.2
GTYR,GTYR,,2026-02-03,0,0,193732,0,193732.0,0,0,50,Neutral,0,0,0,Bearish,29,F,10,8,3,10,Low,SELL,39.0,41.7
HADC,HADC,,2026-02-03,0,0,499500,0,499500.0,0,0,50,Neutral,0,0,0,Bearish,29,F,10,8,3,10,Low,SELL,16.0,16.98
HGFA,HGFA,,2026-02-03,0,0,7260,0,7260.0,0,0,50,Neutral,0,0,0,Bearish,29,F,10,8,3,10,Low,SELL,17.16,18.8
HIRAT,HIRAT,,2026-02-03,0,0,111207,0,111207.0,0,0,50,Neutral,0,0,0,Bearish,29,F,10,8,3,10,Low,SELL,4.21,4.8
HMIM,HMIM,,2026-02-03,0,0,3000,0,3000.0,0,0,50,Neutral,0,0,0,Bearish,29,F,10,8,3,10,Low,SELL,8.0,8.94
HSPI,HSPI,,2026-02-03,0,0,99532,0,99532.0,0,0,50,Neutral,0,0,0,Bearish,29,F,10,8,3,10,Low,SELL,7.99,8.99
HTL,HTL,,2026-02-03,0,0,67260,0,67260.0,0,0,50,Neutral,0,0,0,Bearish,29,F,10,8,3,10,Low,SELL,58.04,61.3
HWQS,HWQS,,2026-02-03,0,0,100322,0,100322.0,0,0,50,Neutral,0,0,0,Bearish,29,F,10,8,3,10,Low,SELL,21.0,23.64
ICCI,ICCI,,2026-02-03,0,0,3584,0,3584.0,0,0,50,Neutral,0,0,0,Bearish,29,F,10,8,3,10,Low,SELL,11.6,12.99
IDRT,IDRT,,2026-02-03,0,0,20161,0,20161.0,0,0,50,Neutral,0,0,0,Bearish,29,F,10,8,3,10,Low,SELL,26.25,30.25
IDSM,IDSM,,2026-02-03,0,0,16554,0,16554.0,0,0,50,Neutral,0,0,0,Bearish,29,F,10,8,3,10,Low,SELL,26.7,41.9
IGIHL,IGIHL,,2026-02-03,0,0,33368,0,33368.0,0,0,50,Neutral,0,0,0,Bearish,29,F,10,8,3,10,Low,SELL,245.01,254.98
IML,IML,,2026-02-03,0,0,4491,0,4491.0,0,0,50,Neutral,0,0,0,Bearish,29,F,10,8,3,10,Low,SELL,24.0,27.48
ITTEFAQ,ITTEFAQ,,2026-02-03,0,0,222243,0,222243.0,0,0,50,Neutral,0,0,0,Bearish,29,F,10,8,3,10,Low,SELL,9.5,10.39
JATM,JATM,,2026-02-03,0,0,561,0,561.0,0,0,50,Neutral,0,0,0,Bearish,29,F,10,8,3,10,Low,SELL,21.02,23.27
JDMT,JDMT,,2026-02-03,0,0,17505,0,17505.0,0,0,50,Neutral,0,0,0,Bearish,29,F,10,8,3,10,Low,SELL,144.0,163.4
KCL,KCL,,2026-02-03,0,0,101,0,101.0,0,0,50,Neutral,0,0,0,Bearish,29,F,10,8,3,10,Low,SELL,158.0,168.06
KHYT,KHYT,,2026-02-03,0,0,43,0,43.0,0,0,50,Neutral,0,0,0,Bearish,29,F,10,8,3,10,Low,SELL,1538.0,1741.8
KOSM,KOSM,,2026-02-03,0,0,5636900,0,5636900.0,0,0,50,Neutral,0,0,0,Bearish,29,F,10,8,3,10,Low,SELL,5.9,6.76
KSTM,KSTM,,2026-02-03,0,0,10443,0,10443.0,0,0,50,Neutral,0,0,0,Bearish,29,F,10,8,3,10,Low,SELL,10.62,13.89
LEUL,LEUL,,2026-02-03,0,0,3688,0,3688.0,0,0,50,Neutral,0,0,0,Bearish,29,F,10,8,3,10,Low,SELL,42.1,46.49
LIVEN,LIVEN,,2026-02-03,0,0,62926,0,62926.0,0,0,50,Neutral,0,0,0,Bearish,29,F,10,8,3,10,Low,SELL,43.65,50.04
MQTM,MQTM,,2026-02-03,0,0,170,0,170.0,0,0,50,Neutral,0,0,0,Bearish,29,F,10,8,3,10,Low,SELL,26.65,29.35
MSCL,MSCL,,2026-02-03,0,0,180887,0,180887.0,0,0,50,Neutral,0,0,0,Bearish,29,F,10,8,3,10,Low,SELL,14.07,18.23
MUBT,MUBT,,2026-02-03,0,0,35000,0,35000.0,0,0,50,Neutral,0,0,0,Bearish,29,F,10,8,3,10,Low,SELL,3.85,3.85
NATM,NATM,,2026-02-03,0,0,500,0,500.0,0,0,50,Neutral,0,0,0,Bearish,29,F,10,8,3,10,Low,SELL,80.0,80.0
NCML,NCML,,2026-02-03,0,0,27656,0,27656.0,0,0,50,Neutral,0,0,0,Bearish,29,F,10,8,3,10,Low,SELL,17.34,20.25
NCPL,NCPL,,2026-02-03,0,0,20150337,0,20150337.0,0,0,50,Neutral,0,0,0,Bearish,29,F,10,8,3,10,Low,SELL,64.05,89.48
NRL,NRL,,2026-02-03,0,0,1345940,0,1345940.0,0,0,50,Neutral,0,0,0,Bearish,29,F,10,8,3,10,Low,SELL,427.11,474.0
OBOY,OBOY,,2026-02-03,0,0,656999,0,656999.0,0,0,50,Neutral,0,0,0,Bearish,29,F,10,8,3,10,Low,SELL,13.7,15.96
OLPM,OLPM,,2026-02-03,0,0,14173,0,14173.0,0,0,50,Neutral,0,0,0,Bearish,29,F,10,8,3,10,Low,SELL,22.25,23.24
ORM,ORM,,2026-02-03,0,0,60532,0,60532.0,0,0,50,Neutral,0,0,0,Bearish,29,F,10,8,3,10,Low,SELL,11.91,12.5
PASL,PASL,,2026-02-03,0,0,6170997,0,6170997.0,0,0,50,Neutral,0,0,0,Bearish,29,F,10,8,3,10,Low,SELL,3.08,3.3
PASM,PASM,,2026-02-03,0,0,17203,0,17203.0,0,0,50,Neutral,0,0,0,Bearish,29,F,10,8,3,10,Low,SELL,5.52,6.35
PCAL,PCAL,,2026-02-03,0,0,91899,0,91899.0,0,0,50,Neutral,0,0,0,Bearish,29,F,10,8,3,10,Low,SELL,206.0,250.0
PIAHCLB,PIAHCLB,,2026-02-03,0,0,73,0,73.0,0,0,50,Neutral,0,0,0,Bearish,29,F,10,8,3,10,Low,SELL,18670.0,21841.9
PIBTL,PIBTL,,2026-02-03,0,0,11391055,0,11391055.0,0,0,50,Neutral,0,0,0,Bearish,29,F,10,8,3,10,Low,SELL,20.5,22.2
PICT,PICT,,2026-02-03,0,0,46380,0,46380.0,0,0,50,Neutral,0,0,0,Bearish,29,F,10,8,3,10,Low,SELL,37.25,41.39
PIL,PIL,,2026-02-03,0,0,4047,0,4047.0,0,0,50,Neutral,0,0,0,Bearish,29,F,10,8,3,10,Low,SELL,5.3,5.8
PMRS,PMRS,,2026-02-03,0,0,71,0,71.0,0,0,50,Neutral,0,0,0,Bearish,29,F,10,8,3,10,Low,SELL,303.02,349.16
POML,POML,,2026-02-03,0,0,2913,0,2913.0,0,0,50,Neutral,0,0,0,Bearish,29,F,10,8,3,10,Low,SELL,172.0,194.03
PPVC,PPVC,,2026-02-03,0,0,5247,0,5247.0,0,0,50,Neutral,0,0,0,Bearish,29,F,10,8,3,10,Low,SELL,17.3,20.1
QTECH,QTECH,,2026-02-03,0,0,156985,0,156985.0,0,0,50,Neutral,0,0,0,Bearish,29,F,10,8,3,10,Low,SELL,39.6,47.8
QUET,QUET,,2026-02-03,0,0,33941,0,33941.0,0,0,50,Neutral,0,0,0,Bearish,29,F,10,8,3,10,Low,SELL,17.8,21.0
QUICE,QUICE,,2026-02-03,0,0,1763108,0,1763108.0,0,0,50,Neutral,0,0,0,Bearish,29,F,10,8,3,10,Low,SELL,28.3,36.9
RUPL,RUPL,,2026-02-03,0,0,3,0,3.0,0,0,50,Neutral,0,0,0,Bearish,29,F,10,8,3,10,Low,SELL,30.09,32.5
SAIF,SAIF,,2026-02-03,0,0,90904,0,90904.0,0,0,50,Neutral,0,0,0,Bearish,29,F,10,8,3,10,Low,SELL,34.99,46.9
SANE,SANE,,2026-02-03,0,0,18747,0,18747.0,0,0,50,Neutral,0,0,0,Bearish,29,F,10,8,3,10,Low,SELL,8.0,9.19
SCL,SCL,,2026-02-03,0,0,500,0,500.0,0,0,50,Neutral,0,0,0,Bearish,29,F,10,8,3,10,Low,SELL,556.45,750.0
SERT,SERT,,2026-02-03,0,0,12501,0,12501.0,0,0,50,Neutral,0,0,0,Bearish,29,F,10,8,3,10,Low,SELL,35.4,41.3
SFAT,SFAT,,2026-02-03,0,0,2500,0,2500.0,0,0,50,Neutral,0,0,0,Bearish,29,F,10,8,3,10,Low,SELL,1.89,1.89
SGPL,SGPL,,2026-02-03,0,0,393273,0,393273.0,0,0,50,Neutral,0,0,0,Bearish,29,F,10,8,3,10,Low,SELL,25.3,29.6
SHCI,SHCI,,2026-02-03,0,0,8000,0,8000.0,0,0,50,Neutral,0,0,0,Bearish,29,F,10,8,3,10,Low,SELL,6.45,6.49
SKRS,SKRS,,2026-02-03,0,0,56034,0,56034.0,0,0,50,Neutral,0,0,0,Bearish,29,F,10,8,3,10,Low,SELL,22.6,29.29
SLCL,SLCL,,2026-02-03,0,0,37500,0,37500.0,0,0,50,Neutral,0,0,0,Bearish,29,F,10,8,3,10,Low,SELL,1.0,1.14
SLYT,SLYT,,2026-02-03,0,0,1,0,1.0,0,0,50,Neutral,0,0,0,Bearish,29,F,10,8,3,10,Low,SELL,12.31,13.41
SML,SML,,2026-02-03,0,0,14572,0,14572.0,0,0,50,Neutral,0,0,0,Bearish,29,F,10,8,3,10,Low,SELL,144.35,154.69
SPL,SPL,,2026-02-03,0,0,12737,0,12737.0,0,0,50,Neutral,0,0,0,Bearish,29,F,10,8,3,10,Low,SELL,58.03,68.9
SSML,SSML,,2026-02-03,0,0,1237,0,1237.0,0,0,50,Neutral,0,0,0,Bearish,29,F,10,8,3,10,Low,SELL,27.01,32.79
STCL,STCL,,2026-02-03,0,0,44096,0,44096.0,0,0,50,Neutral,0,0,0,Bearish,29,F,10,8,3,10,Low,SELL,15.2,16.0
STML,STML,,2026-02-03,0,0,7306,0,7306.0,0,0,50,Neutral,0,0,0,Bearish,29,F,10,8,3,10,Low,SELL,28.25,32.99
STPL,STPL,,2026-02-03,0,0,414617,0,414617.0,0,0,50,Neutral,0,0,0,Bearish,29,F,10,8,3,10,Low,SELL,8.5,9.35
SUHJ,SUHJ,,2026-02-03,0,0,1,0,1.0,0,0,50,Neutral,0,0,0,Bearish,29,F,10,8,3,10,Low,SELL,96.01,100.99
TPLL,TPLL,,2026-02-03,0,0,1165,0,1165.0,0,0,50,Neutral,0,0,0,Bearish,29,F,10,8,3,10,Low,SELL,20.51,26.99
TPLRF1,TPLRF1,,2026-02-03,0,0,16993,0,16993.0,0,0,50,Neutral,0,0,0,Bearish,29,F,10,8,3,10,Low,SELL,10.85,11.65
TPLT,TPLT,,2026-02-03,0,0,817525,0,817525.0,0,0,50,Neutral,0,0,0,Bearish,29,F,10,8,3,10,Low,SELL,12.5,14.0
TRIPF,TRIPF,,2026-02-03,0,0,351579,0,351579.0,0,0,50,Neutral,0,0,0,Bearish,29,F,10,8,3,10,Low,SELL,135.0,161.19
TSPL,TSPL,,2026-02-03,0,0,2130,0,2130.0,0,0,50,Neutral,0,0,0,Bearish,29,F,10,8,3,10,Low,SELL,12.62,14.67
UBDL,UBDL,,2026-02-03,0,0,1230,0,1230.0,0,0,50,Neutral,0,0,0,Bearish,29,F,10,8,3,10,Low,SELL,25.4,29.45
UVIC,UVIC,,2026-02-03,0,0,2646,0,2646.0,0,0,50,Neutral,0,0,0,Bearish,29,F,10,8,3,10,Low,SELL,22.01,22.99
WTL,WTL,,2026-02-03,0,0,14300717,0,14300717.0,0,0,50,Neutral,0,0,0,Bearish,29,F,10,8,3,10,Low,SELL,1.63,1.81
YOUW,YOUW,,2026-02-03,0,0,1332423,0,1332423.0,0,0,50,Neutral,0,0,0,Bearish,29,F,10,8,3,10,Low,SELL,5.13,5.72
ZUMA,ZUMA,,2026-02-03,0,0,584051,0,584051.0,0,0,50,Neutral,0,0,0,Bearish,29,F,10,8,3,10,Low,SELL,80.0,103.9
ENGRO,ENGRO,Technology,2026-02-03,0,0,4496408,0,4496408.0,0,0,50,Neutral,0,0,0,Bearish,29,F,10,8,3,10,Low,SELL,474.01,496.0
ASC,ASC,,2026-02-03,0,0,257566,0,257566.0,0,0,50,Neutral,0,0,0,Bearish,27,F,10,8,1,10,Low,SELL,12.05,13.2
HRPL,HRPL,,2026-02-03,0,0,260,0,260.0,0,0,50,Neutral,0,0,0,Bearish,27,F,10,8,1,10,Low,SELL,23.25,25.0
